1.e-18,4.47e-20,0.0001122,2.e-6,5.725,0.001182,0.00001,7.073,195.5,0.5,294.15,102200,"C"
1.13e-18,4.98e-20,0.0002624,2.e-6,5.658,0.0006706,0.00001,7.14,195.5,0.5,294.15,102200,"C"
1.41e-18,6.16e-20,0.0003211,2.e-6,5.725,0.0007322,0.00001,7.14,195.5,0.5,294.15,102200,"C"
1.85e-18,7.99e-20,0.0002682,2.e-6,5.321,0.001237,0.00001,7.544,195.5,0.5,294.15,102200,"C"
2.44e-19,1.3e-20,0.0000835,2.e-6,5.523,0.0003113,0.00001,7.544,195.5,0.5,294.15,102200,"C"
6.15e-19,2.93e-20,0.0000568,2.e-6,5.725,0.001082,0.00001,7.14,195.5,0.5,294.15,102200,"C"
4.96e-19,2.42e-20,0.0000531,2.e-6,5.456,0.0009206,0.00001,7.477,195.5,0.5,294.15,102200,"C"
1.18e-18,5.19e-20,0.0002751,2.e-6,5.389,0.0006715,0.00001,7.544,195.5,0.5,294.15,102200,"C"
1.42e-18,6.34e-20,0.0005248,2.e-6,5.927,0.0003304,0.00001,7.14,195.5,0.5,294.15,102200,"C"
3.76e-19,2.84e-20,0.0000167,2.e-6,5.321,0.001304,0.00001,7.611,195.5,0.5,294.15,102200,"C"
9.69e-19,4.32e-20,0.0001834,2.e-6,7.933,0.00077,0.00001,5.333,196,0.5,294.15,102200,"C"
5.61e-19,2.68e-20,0.0001938,2.e-6,7.999,0.0004004,0.00001,5.399,196,0.5,294.15,102200,"C"
1.71e-18,7.43e-20,0.0002854,2.e-6,8.066,0.001054,0.00001,5.266,196,0.5,294.15,102200,"C"
1.49e-18,6.48e-20,0.000238,2.e-6,7.399,0.001116,0.00001,6.066,196,0.5,294.15,102200,"C"
2.61e-18,1.12e-19,0.0003226,2.e-6,8.199,0.001564,0.00001,5.266,196,0.5,294.15,102200,"C"
2.2e-18,9.52e-20,0.0003813,2.e-6,8.199,0.001159,0.00001,5.333,196,0.5,294.15,102200,"C"
4.61e-19,2.29e-20,0.0001907,2.e-6,8.066,0.0003213,0.00001,5.399,196,0.5,294.15,102200,"C"
7.8e-19,3.53e-20,0.0000937,2.e-6,8.133,0.0009482,0.00001,5.333,196,0.5,294.15,102200,"C"
1.32e-18,5.81e-20,0.0002347,2.e-6,8.133,0.0008938,0.00001,5.133,196,0.5,294.15,102200,"C"
1.15e-18,5.1e-20,0.000258,2.e-6,8.199,0.0006939,0.00001,5,196,0.5,294.15,102200,"C"
4.92e-19,2.35e-20,0.0001693,2.e-6,8.604,0.0004253,0.00001,5.579,196.5,0.5,294.15,102200,"C"
1.23e-18,5.4e-20,0.0003208,2.e-6,8.335,0.000771,0.00001,6.05,196.5,0.5,294.15,102200,"C"
1.22e-18,5.36e-20,0.0003238,2.e-6,8.739,0.000735,0.00001,5.647,196.5,0.5,294.15,102200,"C"
8.22e-19,3.76e-20,0.0003566,2.e-6,8.268,0.0004081,0.00001,6.184,196.5,0.5,294.15,102200,"C"
1.01e-18,4.48e-20,0.0003052,2.e-6,8.403,0.0006434,0.00001,6.117,196.5,0.5,294.15,102200,"C"
1.57e-18,6.9e-20,0.0005219,2.e-6,8.537,0.0006283,0.00001,5.781,196.5,0.5,294.15,102200,"C"
9.32e-19,4.17e-20,0.000298,2.e-6,8.268,0.0005887,0.00001,6.117,196.5,0.5,294.15,102200,"C"
1.26e-18,5.61e-20,0.0004539,2.e-6,8.537,0.0005461,0.00001,5.781,196.5,0.5,294.15,102200,"C"
1.61e-18,6.99e-20,0.0003042,2.e-6,8.672,0.001092,0.00001,5.781,196.5,0.5,294.15,102200,"C"
4.27e-19,4.19e-20,0.0005276,2.e-6,8.94,0.0000317,0.00001,5.378,196.5,0.5,294.15,102200,"C"
1.27e-18,5.65e-20,0.0001077,2.e-6,3.666,0.001335,0.00001,6.333,245.5,0.5,294.15,102200,"C"
1.02e-18,4.76e-20,0.0000612,2.e-6,4.133,0.001376,0.00001,5.399,245.5,0.5,294.15,102200,"C"
7.67e-19,3.51e-20,0.0001684,2.e-6,4.133,0.0005206,0.00001,5.933,245.5,0.5,294.15,102200,"C"
1.55e-18,6.77e-20,0.0001462,2.e-6,4.066,0.001363,0.00001,5.999,245.5,0.5,294.15,102200,"C"
7.3e-19,3.38e-20,0.0000772,2.e-6,4.133,0.0009395,0.00001,5.999,245.5,0.5,294.15,102200,"C"
1.57e-18,6.97e-20,0.0000924,2.e-6,4.066,0.001836,0.00001,5.933,245.5,0.5,294.15,102200,"C"
7.09e-19,3.37e-20,0.0000594,2.e-6,4.266,0.001032,0.00001,5.666,245.5,0.5,294.15,102200,"C"
4.78e-19,2.32e-20,0.0001294,2.e-6,4.6,0.0003857,0.00001,5.533,245.5,0.5,294.15,102200,"C"
1.1e-18,5.26e-20,0.00005,2.e-6,3.666,0.001875,0.00001,6.533,245.5,0.5,294.15,102200,"C"
6.24e-19,2.9e-20,0.000101,2.e-6,4.2,0.0006473,0.00001,5.866,245.5,0.5,294.15,102200,"C"
1.29e-18,5.74e-20,0.0000981,2.e-6,4.317,0.001486,0.00001,5.801,249.1,0.5,294.15,102200,"C"
6.03e-19,2.81e-20,0.0000666,2.e-6,4.654,0.00117,0.00001,7.622,249.1,0.5,294.15,102200,"C"
1.2e-18,5.3e-20,0.0001141,2.e-6,4.654,0.001748,0.00001,7.689,249.1,0.5,294.15,102200,"C"
1.2e-18,5.46e-20,0.0000684,2.e-6,4.721,0.001912,0.00001,6.205,249.1,0.5,294.15,102200,"C"
1.37e-18,6.05e-20,0.0001275,2.e-6,4.586,0.001287,0.00001,5.328,249.1,0.5,294.15,102200,"C"
1.05e-18,4.72e-20,0.0000905,2.e-6,4.586,0.001293,0.00001,5.733,249.1,0.5,294.15,102200,"C"
1.38e-18,6.11e-20,0.000111,2.e-6,4.586,0.001375,0.00001,5.193,249.1,0.5,294.15,102200,"C"
1.53e-18,6.69e-20,0.0001645,2.e-6,4.654,0.001296,0.00001,5.598,249.1,0.5,294.15,102200,"C"
5.91e-19,2.86e-20,0.0000513,2.e-6,4.182,0.001379,0.00001,8.364,249.1,0.5,294.15,102200,"C"
1.41e-18,6.2e-20,0.0001287,2.e-6,4.721,0.001426,0.00001,5.666,249.1,0.5,294.15,102200,"C"
6.78e-19,3.15e-20,0.0004158,2.e-6,15.61,0.0004647,0.00001,4.066,249.9,0.5,294.15,102200,"C"
1.22e-18,5.51e-20,0.0004178,2.e-6,11.3,0.0005562,0.00001,3.213,249.9,0.5,294.15,102200,"C"
1.73e-18,7.59e-20,0.0004338,2.e-6,11.69,0.0008611,0.00001,3.346,249.9,0.5,294.15,102200,"C"
2.6e-18,1.13e-19,0.0004319,2.e-6,8.03,0.0009742,0.00001,3.133,249.9,0.5,294.15,102200,"C"
7.34e-19,3.36e-20,0.0003021,2.e-6,18.03,0.0005633,0.00001,3.28,249.9,0.5,294.15,102200,"C"
1.61e-18,7.16e-20,0.0003584,2.e-6,8.817,0.0007031,0.00001,3.16,249.9,0.5,294.15,102200,"C"
1.08e-18,4.78e-20,0.0003205,2.e-6,17.83,0.0008176,0.00001,3.32,249.9,0.5,294.15,102200,"C"
1.19e-18,5.52e-20,0.0002766,2.e-6,16.4,0.0005425,0.00001,1.92,249.9,0.5,294.15,102200,"C"
8.68e-19,4.1e-20,0.0002265,2.e-6,22.46,0.0004936,0.00001,1.813,249.9,0.5,294.15,102200,"C"
7.55e-19,3.57e-20,0.0003226,2.e-6,13.71,0.0004439,0.00001,3.133,249.9,0.5,294.15,102200,"C"
3.63e-19,1.99e-20,0.0004027,2.e-6,19.29,0.0002437,0.00001,3.32,269.5,0.5,294.15,102200,"C"
3.33e-19,1.76e-20,0.0002591,2.e-6,19.53,0.0003026,0.00001,3.226,269.5,0.5,294.15,102200,"C"
3.56e-19,1.78e-20,0.00017,2.e-6,19.53,0.0003877,0.00001,2.986,269.5,0.5,294.15,102200,"C"
3.32e-19,1.6e-20,0.0002027,2.e-6,21.57,0.0004366,0.00001,3.773,269.5,0.5,294.15,102200,"C"
6.96e-19,3.29e-20,0.0005167,2.e-6,19.48,0.0004205,0.00001,3.266,269.5,0.5,294.15,102200,"C"
2.48e-19,1.68e-20,0.000618,2.e-6,20.93,0.0001125,0.00001,3.88,269.5,0.5,294.15,102200,"C"
1.e-18,4.44e-20,0.0004962,2.e-6,19.44,0.0007226,0.00001,3.653,269.5,0.5,294.15,102200,"C"
3.77e-19,1.76e-20,0.0001291,2.e-6,21.54,0.0005807,0.00001,3.44,269.5,0.5,294.15,102200,"C"
1.08e-18,5.e-20,0.0003992,2.e-6,7.12,0.0004073,0.00001,3.653,269.5,0.5,294.15,102200,"C"
4.58e-19,2.12e-20,0.0005422,2.e-6,21.6,0.0004561,0.00001,5.519,269.5,0.5,294.15,102200,"C"
2.68e-18,1.18e-19,0.0004111,2.e-6,4.003,0.0006219,0.00001,3.173,270.2,0.5,294.15,102200,"C"
1.12e-18,5.23e-20,0.0004084,2.e-6,7.173,0.0003888,0.00001,3.36,270.2,0.5,294.15,102200,"C"
2.18e-18,9.76e-20,0.0004091,2.e-6,3.988,0.000461,0.00001,3.2,270.2,0.5,294.15,102200,"C"
1.88e-19,1.08e-20,0.0001474,2.e-6,15.98,0.00025,0.00001,3.84,270.2,0.5,294.15,102200,"C"
1.16e-18,5.1e-20,0.0003306,2.e-6,15.04,0.0008261,0.00001,3.253,270.2,0.5,294.15,102200,"C"
1.5e-18,6.74e-20,0.0007721,2.e-6,12.12,0.0005026,0.00001,3.333,270.2,0.5,294.15,102200,"C"
5.78e-19,2.66e-20,0.0002995,2.e-6,15.14,0.0005255,0.00001,4.04,270.2,0.5,294.15,102200,"C"
9.95e-19,4.56e-20,0.0004682,2.e-6,12.95,0.0004993,0.00001,3.266,270.2,0.5,294.15,102200,"C"
3.28e-19,1.52e-20,0.000429,2.e-6,13.96,0.0003682,0.00001,8.653,270.2,0.5,294.15,102200,"C"
1.07e-18,4.95e-20,0.0008899,2.e-6,9.199,0.0002088,0.00001,5.293,270.2,0.5,294.15,102200,"C"
7.73e-19,3.65e-20,0.0003672,2.e-6,12,0.0004239,0.00001,3.24,271.1,0.5,294.15,102200,"C"
8.58e-19,3.92e-20,0.0002411,2.e-6,11.01,0.0005747,0.00001,3.08,271.1,0.5,294.15,102200,"C"
8.15e-19,3.84e-20,0.0004315,2.e-6,13.27,0.0004223,0.00001,3.186,271.1,0.5,294.15,102200,"C"
3.26e-18,1.41e-19,0.001085,2.e-6,11.16,0.000851,0.00001,3.12,271.1,0.5,294.15,102200,"C"
1.07e-18,4.82e-20,0.0004016,2.e-6,12.83,0.0006166,0.00001,3.306,271.1,0.5,294.15,102200,"C"
4.61e-19,2.15e-20,0.0004165,2.e-6,11.37,0.0003645,0.00001,6.493,271.1,0.5,294.15,102200,"C"
7.93e-19,3.59e-20,0.0002728,2.e-6,16.12,0.0006259,0.00001,3.106,271.1,0.5,294.15,102200,"C"
1.17e-18,5.14e-20,0.0003136,2.e-6,15.9,0.0009125,0.00001,3.307,271.1,0.5,294.15,102200,"C"
1.58e-18,6.97e-20,0.0004556,2.e-6,11.15,0.0007222,0.00001,3.054,271.1,0.5,294.15,102200,"C"
6.21e-19,2.82e-20,0.000161,2.e-6,17.61,0.0006647,0.00001,2.987,271.1,0.5,294.15,102200,"C"
9.99e-19,4.56e-20,0.0003967,2.e-6,11.24,0.0005182,0.00001,3.294,271.2,0.5,294.15,102200,"C"
8.83e-19,4.09e-20,0.0004207,2.e-6,12.88,0.000472,0.00001,3.253,271.2,0.5,294.15,102200,"C"
8.98e-19,4.03e-20,0.0005599,2.e-6,13.06,0.0005399,0.00001,4.626,271.2,0.5,294.15,102200,"C"
8.7e-19,3.92e-20,0.0007639,2.e-6,15.93,0.0004852,0.00001,4.88,271.2,0.5,294.15,102200,"C"
7.e-19,3.26e-20,0.0004396,2.e-6,16.3,0.0004611,0.00001,3.573,271.2,0.5,294.15,102200,"C"
1.11e-18,4.95e-20,0.0005305,2.e-6,9.186,0.0005302,0.00001,4.72,271.2,0.5,294.15,102200,"C"
1.97e-18,8.71e-20,0.0015,2.e-6,16.13,0.0005165,0.00001,3.64,271.2,0.5,294.15,102200,"C"
8.94e-19,4.01e-20,0.0007298,2.e-6,16.3,0.0005343,0.00001,4.813,271.2,0.5,294.15,102200,"C"
1.09e-18,4.89e-20,0.0003665,2.e-6,11.25,0.0006057,0.00001,3.293,271.2,0.5,294.15,102200,"C"
8.35e-19,3.8e-20,0.0005708,2.e-6,12.65,0.000456,0.00001,4.533,271.2,0.5,294.15,102200,"C"
8.59e-19,6.0722e-20,0.0004,0.000033,10.928,0.0005,0.000033,3.938,245.5000126,0.5,292.46,102458.2567,"Rob+Ryan"
1.62e-19,1.87633e-20,0.0002,0.000033,11.704,0.0004,0.000033,12.611,245.5000126,0.5,292.46,102458.2567,"Rob+Ryan"
1.67e-19,3.52559e-20,0.0001,0.000033,5.452,0.0004,0.000033,13.363,245.5000126,0.5,292.46,102458.2567,"Rob+Ryan"
3.49e-19,4.01219e-20,0.0002,0.000033,7.794,0.0004,0.000033,7.068,245.5000126,0.5,292.46,102458.2567,"Rob+Ryan"
1.38e-19,1.66392e-20,0.0002,0.000033,7.795,0.0001,0.000033,14.9,245.5000126,0.5,292.46,102458.2567,"Rob+Ryan"
2.38e-19,5.30045e-20,0.0001,0.000033,3.918,0.0002,0.000033,5.142,281.500021,0.5,292.11,102458.2567,"Rob+Ryan"
6.42e-19,1.20354e-19,0.0001,0.000033,1.284,0.0002,0.000033,15.478,281.500021,0.5,292.11,102458.2567,"Rob+Ryan"
2.53e-19,5.40655e-20,0.0001,0.000033,6.829,0.0006,0.000033,6.866,297.4999992,0.5,292.21,102458.2567,"Rob+Ryan"
1.62e-19,1.82636e-20,0.0002,0.000033,6.877,0.0002,0.000033,14.346,297.4999992,0.5,292.21,102458.2567,"Rob+Ryan"
1.45e-19,1.0051e-19,0.000033,0.000033,5.461,0.0004,0.000033,4.039,297.4999992,0.5,292.21,102458.2567,"Rob+Ryan"
2.27e-19,4.79006e-20,0.0001,0.000033,4.85,0.0004,0.000033,7.507,297.4999992,0.5,292.21,102458.2567,"Rob+Ryan"
3.68e-19,1.33816e-19,0.0001,0.000033,6.8845,0.0001,0.000033,0.742,297.4999992,0.5,292.21,102458.2567,"Rob+Ryan"
2.48e-19,5.05604e-20,0.0001,0.000033,2.744,0.0002,0.000033,9.521,297.4999992,0.5,292.21,102458.2567,"Rob+Ryan"
1.87e-19,4.02976e-20,0.0001,0.000033,4.805,0.0003,0.000033,7.517,297.4999992,0.5,292.21,102458.2567,"Rob+Ryan"
1.2e-19,5.40618e-20,0.00005,0.000033,6.148,0.0003,0.000033,4.781,297.4999992,0.5,292.21,102458.2567,"Rob+Ryan"
1.77e-19,4.05241e-20,0.0001,0.000033,4.789,0.0002,0.000033,5.468,297.4999992,0.5,292.21,102458.2567,"Rob+Ryan"
2.98e-19,6.52155e-20,0.0001,0.000033,6.148,0.0004,0.000033,4.145,297.4999992,0.5,292.21,102458.2567,"Rob+Ryan"
3.33e-19,7.15388e-20,0.0001,0.000033,2,0.0001,0.000033,4.637,332.6697402,0.5,292.28,102458.2567,"Rob+Ryan"
1.26e-19,2.56719e-20,0.0001,0.000033,3.278,0.0001,0.000033,17.471,332.6697402,0.5,292.28,102458.2567,"Rob+Ryan"
3.09e-19,6.84208e-20,0.0001,0.000033,4.715,0.0003,0.000033,3.345,332.6697402,0.5,292.28,102458.2567,"Rob+Ryan"
2.76e-19,2.38725e-20,0.0003,0.000033,5.388,0.,0.000033,10,332.6697402,0.5,292.28,102458.2567,"Rob+Ryan"
1.8e-19,3.7767e-20,0.0001,0.000033,3.368,0.0002,0.000033,8.746,332.6697402,0.5,292.28,102458.2567,"Rob+Ryan"
1.96e-19,4.5545e-20,0.0001,0.000033,7.911,0.0003,0.000033,3.388,346.5000234,0.5,292.39,102391.5955,"Rob+Ryan"
1.37e-22,1.40786e-20,0.0001,0.000033,5.618,-0.0001,0.000033,5.636,346.5000234,0.5,292.39,102391.5955,"Rob+Ryan"
6.8e-20,2.07095e-20,0.00008,0.000033,5.078,0.0001,0.000033,6.77,346.5000234,0.5,292.39,102391.5955,"Rob+Ryan"
1.73e-19,3.65685e-20,0.0001,0.000033,2.819,0.0001,0.000033,8.46,346.5000234,0.5,292.39,102391.5955,"Rob+Ryan"
1.82e-19,4.51482e-20,0.0001,0.000033,3.34,0.0001,0.000033,3.977,346.5000234,0.5,292.39,102391.5955,"Rob+Ryan"
2.3e-19,5.66942e-20,0.0001,0.000033,2.887,0.0001,0.000033,3.429,346.5000234,0.5,292.39,102391.5955,"Rob+Ryan"
3.63e-22,1.24683e-20,0.,0.000033,0,0.0001,0.000033,9.595,346.5000234,0.5,292.39,102391.5955,"Rob+Ryan"
1.35e-20,6.83279e-21,0.00005,0.000033,10.07,0.0001,0.000033,12.401,346.5000234,0.5,292.39,102391.5955,"Rob+Ryan"
1.96e-20,1.02169e-20,0.00005,0.000033,4.557,0.,0.000033,10,346.5000234,0.5,292.39,102391.5955,"Rob+Ryan"
9.05e-21,5.26752e-21,0.000066,0.000033,9.597,0.,0.000033,10,346.5000234,0.5,292.39,102391.5955,"Rob+Ryan"
1.98e-19,4.89734e-20,0.0001,0.000033,6.223,0.0002,0.000033,2.786,346.5000234,0.5,292.39,102391.5955,"Rob+Ryan"
7.41e-19,1.41045e-19,0.000116,0.000033,1.95924,0.00021200000000000003,0.000033,2.06912,372.0000102,0.5,292.44,102458.2567,"Rob+Ryan"
6.7e-19,1.20877e-19,0.000116,0.000033,1.738839999,0.00021200000000000003,0.000033,3.030539999,372.0000102,0.5,292.44,102458.2567,"Rob+Ryan"
3.14e-19,5.66305e-20,0.000116,0.000033,2.638999998,0.00021200000000000003,0.000033,5.677359997,372.0000102,0.5,292.44,102458.2567,"Rob+Ryan"
1.71e-19,4.02787e-20,0.000116,0.000033,12.36444,0.00021200000000000003,0.000033,1.87196,397.9999652,0.5,292.53,102524.9179,"Rob+Ryan"
1.15e-18,2.21421e-19,0.000116,0.000033,1.577599999,0.00021200000000000003,0.000033,1.30274,397.9999652,0.5,292.53,102524.9179,"Rob+Ryan"
1.52e-19,3.52366e-20,0.000116,0.000033,11.11743996,0.00021200000000000003,0.000033,2.3214,397.9999652,0.5,292.53,102524.9179,"Rob+Ryan"
4.01e-19,6.97372e-20,0.000116,0.000033,2.002023529,0.00021200000000000003,0.000033,5.75792,397.9999652,0.5,292.53,102524.9179,"Rob+Ryan"
4.31e-19,8.47494e-20,0.000116,0.000033,2.75848,0.00021200000000000003,0.000033,2.4062,422.9999838,0.5,292.55,102458.2567,"Rob+Ryan"
1.87e-19,3.77189e-20,0.000116,0.000033,4.605199999,0.00021200000000000003,0.000033,4.1128,422.9999838,0.5,292.55,102458.2567,"Rob+Ryan"
7.02e-19,1.38798e-19,0.000116,0.000033,2.17616,0.00021200000000000003,0.000033,1.6112,422.9999838,0.5,292.55,102458.2567,"Rob+Ryan"
1.64e-19,3.47287e-20,0.000116,0.000033,6.043599999,0.00021200000000000003,0.000033,3.52344,422.9999838,0.5,292.55,102458.2567,"Rob+Ryan"
9.15731e-20,2.16624e-20,0.000116,0.000033,14.76448001,0.00021200000000000003,0.000033,2.99132,422.9999838,0.5,292.55,102458.2567,"Rob+Ryan"
3.4078e-19,6.67317e-20,0.000116,0.000033,3.05776,0.00021200000000000003,0.000033,2.96588,422.9999838,0.5,292.55,102458.2567,"Rob+Ryan"
1.07774e-19,2.0815e-20,0.000116,0.000033,5.097620001,0.00021200000000000003,0.000033,7.815026668,449.0000154,0.5,292.58,102391.5955,"Rob+Ryan"
3.30073e-19,6.67447e-20,0.000116,0.000033,3.41504,0.00021200000000000003,0.000033,2.462026667,449.0000154,0.5,292.58,102391.5955,"Rob+Ryan"
2.75552e-19,5.1767e-20,0.000116,0.000033,2.8826,0.00021200000000000003,0.000033,4.200426666,449.0000154,0.5,292.58,102391.5955,"Rob+Ryan"
1.37032e-19,2.49334e-20,0.000116,0.000033,3.778285714,0.00021200000000000003,0.000033,9.53364,449.0000154,0.5,292.58,102391.5955,"Rob+Ryan"
1.52262e-19,2.88467e-20,0.000116,0.000033,4.03158,0.00021200000000000003,0.000033,6.54762,449.0000154,0.5,292.58,102391.5955,"Rob+Ryan"
2.32045e-19,4.40081e-20,0.000116,0.000033,3.2509,0.00021200000000000003,0.000033,4.57814,449.0000154,0.5,292.58,102391.5955,"Rob+Ryan"
1.27343e-19,2.41611e-20,0.000116,0.000033,4.437,0.00021200000000000003,0.000033,7.562039999,449.0000154,0.5,292.58,102391.5955,"Rob+Ryan"
1.44665e-19,2.93545e-20,0.000116,0.000033,5.209560001,0.00021200000000000003,0.000033,4.650573333,449.0000154,0.5,292.58,102391.5955,"Rob+Ryan"
4.40812e-19,7.71805e-20,0.000116,0.000033,1.762486154,0.00021200000000000003,0.000033,4.294272,473.4999892,0.5,292.64,102324.9343,"Rob+Ryan"
1.25512e-19,2.26487e-20,0.000116,0.000033,3.754687999,0.00021200000000000003,0.000033,10.57774,473.4999892,0.5,292.64,102324.9343,"Rob+Ryan"
4.34177e-19,7.40929e-20,0.000116,0.000033,1.65184,0.00021200000000000003,0.000033,5.41872,473.4999892,0.5,292.64,102324.9343,"Rob+Ryan"
1.24578e-19,2.56649e-20,0.000116,0.000033,5.784920001,0.00021200000000000003,0.000033,4.64386,473.4999892,0.5,292.64,102324.9343,"Rob+Ryan"
1.63386e-19,3.58485e-20,0.000116,0.000033,6.900840001,0.00021200000000000003,0.000033,2.67226,473.4999892,0.5,292.64,102324.9343,"Rob+Ryan"
1.71821e-19,3.24137e-20,0.000116,0.000033,3.637097143,0.00021200000000000003,0.000033,5.803954286,473.4999892,0.5,292.64,102324.9343,"Rob+Ryan"
1.30619e-19,2.96779e-20,0.000116,0.000033,9.391359997,0.00021200000000000003,0.000033,2.614666667,473.4999892,0.5,292.64,102324.9343,"Rob+Ryan"
8.75414e-20,2.22358e-20,0.000116,0.000033,28.57776002,0.00021200000000000003,0.000033,1.53064,507.0000034,0.5,292.66,102324.9343,"Rob+Ryan"
1.66796e-19,3.03051e-20,0.000116,0.000033,3.18884,0.00021200000000000003,0.000033,7.21012,507.0000034,0.5,292.66,102324.9343,"Rob+Ryan"
1.76956e-19,3.14367e-20,0.000116,0.000033,2.89768,0.00021200000000000003,0.000033,8.17472,507.0000034,0.5,292.66,102324.9343,"Rob+Ryan"
1.13457e-19,2.33341e-20,0.000116,0.000033,5.816240001,0.00021200000000000003,0.000033,4.78166,507.0000034,0.5,292.66,102324.9343,"Rob+Ryan"
2.15846e-19,3.96534e-20,0.000116,0.000033,2.87448,0.00021200000000000003,0.000033,5.33604,507.0000034,0.5,292.66,102324.9343,"Rob+Ryan"
8.64026e-20,1.65527e-20,0.000116,0.000033,5.2258,0.00021200000000000003,0.000033,8.967599999,507.0000034,0.5,292.66,102324.9343,"Rob+Ryan"
2.99e-19,1.48e-20,0.0007,0.0000333333333,20.944,0.0008,0.0000333333333,24.756,266.5,0.1,291.27,102417.9604,"Alex+Noah"
4.38e-19,1.02e-18,0.0001,0.0000333333333,2.664,0.0013,0.0000333333333,24.756,266.5,0.1,291.27,102417.9604,"Alex+Noah"
1.04e-18,1.47e-19,0.0009,0.0000333333333,8.2,0.00008,0.0000333333333,15.5,265.3,0.1,291.19,102457.957,"Alex+Noah"
2.94e-19,1.e-19,0.0003,0.0000333333333,8.4,0.0002,0.0000333333333,7.8,265.3,0.1,293.1359155,102404.6282,"Alex+Noah"
8.89e-19,1.99e-19,0.0005,0.0000333333333,6.9,0.0005,0.0000333333333,9.8,265.3,0.1,293.1359155,102404.6282,"Alex+Noah"
3.69e-19,5.78e-20,0.0004,0.0000333333333,15.3,0.0005,0.0000333333333,7.5,265.3,0.1,293.1359155,102404.6282,"Alex+Noah"
3.19e-19,1.33e-19,0.0003,0.0000333333333,9.2,0.0002,0.0000333333333,5.3,265.3,0.1,293.1359155,102404.6282,"Alex+Noah"
2.5e-19,1.66e-19,0.0001,0.0000333333333,6.8,0.0007,0.0000333333333,9.3,265.3,0.1,293.1359155,102404.6282,"Alex+Noah"
1.18e-19,3.9e-20,0.0001,0.0000333333333,13.835,0.0005,0.0000333333333,8.287,265.3,0.1,293.1359155,102404.6282,"Alex+Noah"
5.62e-19,1.31e-19,0.0004,0.0000333333333,9.647,0.0004,0.0000333333333,6.053,265.3,0.1,293.1359155,102404.6282,"Alex+Noah"
7.17e-19,2.75e-19,0.0003,0.0000333333333,7.2,0.0004,0.0000333333333,4.2,265.3,0.1,293.1359155,102404.6282,"Alex+Noah"
4.65e-19,2.07e-19,0.0003,0.0000333333333,9.7,0.0003,0.0000333333333,4,265.3,0.1,293.1359155,102404.6282,"Alex+Noah"
4.18e-19,1.62e-19,0.0003,0.0000333333333,9.8,0.0003,0.0000333333333,4.6,265.3,0.1,293.1359155,102404.6282,"Alex+Noah"
1.12e-18,7.33e-19,0.0003,0.0000333333333,3.9,0.0003,0.0000333333333,4.1,265.3,0.1,293.1359155,102404.6282,"Alex+Noah"
8.15e-19,4.43e-19,0.0003,0.0000333333333,4.5,0.0004,0.0000333333333,7.6,266.5,0.1,292.9950704,102404.6282,"Alex+Noah"
5.06e-19,2.93e-19,0.0002,0.0000333333333,5.2,0.0005,0.0000333333333,7.9,266.5,0.1,292.9950704,102404.6282,"Alex+Noah"
4.11e-19,2.69e-19,0.0002,0.0000333333333,5.1,0.0004,0.0000333333333,9.4,266.5,0.1,292.9950704,102404.6282,"Alex+Noah"
6.71e-19,2.05e-19,0.0004,0.0000333333333,6.9,0.0003,0.0000333333333,6.2,266.5,0.1,292.9950704,102404.6282,"Alex+Noah"
1.23e-18,4.85e-19,0.0003,0.0000333333333,6.9,0.0006,0.0000333333333,3.2,266.5,0.1,292.9950704,102404.6282,"Alex+Noah"
1.27e-19,2.23e-19,0.00005,0.0000333333333,5.1,0.0005,0.0000333333333,10,266.5,0.1,292.8260563,102404.6282,"Alex+Noah"
2.43e-19,1.29e-19,0.0002,0.0000333333333,7.6,0.0002,0.0000333333333,5.7,266.5,0.1,292.8260563,102404.6282,"Alex+Noah"
2.08e-19,6.28e-19,0.00005,0.0000333333333,3.2,0.0003,0.0000333333333,5.3,266.5,0.1,292.8260563,102404.6282,"Alex+Noah"
3.04e-19,2.27e-19,0.0002,0.0000333333333,5.2,0.0002,0.0000333333333,8.8,266.5,0.1,292.8260563,102404.6282,"Alex+Noah"
4.71e-19,2.15e-19,0.0002,0.0000333333333,8.4,0.0004,0.0000333333333,3.9,266.5,0.1,292.8260563,102404.6282,"Alex+Noah"
1.34e-18,2.23e-18,0.0002,0.0000333333333,2.2,0.0003,0.0000333333333,4,267.8,0.1,292.6992958,102404.6282,"Alex+Noah"
2.06e-19,1.09e-19,0.0001,0.0000333333333,8.5,0.0005,0.0000333333333,6.7,267.8,0.1,292.6992958,102404.6282,"Alex+Noah"
1.54e-19,9.31e-20,0.0001,0.0000333333333,9.1,0.0003,0.0000333333333,5.3,267.8,0.1,292.6992958,102404.6282,"Alex+Noah"
2.05e-19,3.83e-19,0.00005,0.0000333333333,4.5,0.0005,0.0000333333333,6.4,267.8,0.1,292.6992958,102404.6282,"Alex+Noah"
5.57e-19,7.22e-20,0.0005,0.0000333333333,10.4,0.0009,0.0000333333333,17.7,267.8,0.1,292.6992958,102404.6282,"Alex+Noah"
1.95e-18,3.84e-19,0.0006,0.0000333333333,5.9,0.0009,0.0000333333333,7.3,266.5,0.1,292.6570423,102404.6282,"Alex+Noah"
1.01e-19,1.55e-19,0.0001,0.0000333333333,5.1,0.0001,0.0000333333333,9.1,266.5,0.1,292.6570423,102404.6282,"Alex+Noah"
3.05e-19,1.71e-19,0.0001,0.0000333333333,7.4,0.0011,0.0000333333333,10.7,266.5,0.1,292.6570423,102404.6282,"Alex+Noah"
4.07e-19,6.33e-20,0.0004,0.0000333333333,11.8,0.0005,0.0000333333333,9.2,266.5,0.1,292.6570423,102404.6282,"Alex+Noah"
1.44e-19,5.84e-20,0.0002,0.0000333333333,9.2,0.0002,0.0000333333333,10.5,266.5,0.1,292.6570423,102404.6282,"Alex+Noah"
1.56e-19,1.26e-19,0.0001,0.0000333333333,6.5,0.0004,0.0000333333333,10.1,267.7,0.1,292.5725352,102404.6282,"Alex+Noah"
2.51e-19,1.36e-19,0.0002,0.0000333333333,7.4,0.0002,0.0000333333333,5.6,267.7,0.1,292.5725352,102404.6282,"Alex+Noah"
1.85e-19,1.69e-19,0.0001,0.0000333333333,5.8,0.0004,0.0000333333333,9.2,267.7,0.1,292.5725352,102404.6282,"Alex+Noah"
1.6e-19,6.47e-20,0.0003,0.0000333333333,11.4,0.0001,0.0000333333333,7,267.7,0.1,292.5725352,102404.6282,"Alex+Noah"
2.37e-19,3.69e-19,0.0001,0.0000333333333,4,0.0002,0.0000333333333,5.4,267.7,0.1,292.5725352,102404.6282,"Alex+Noah"
1.17e-19,9.36e-20,0.0001,0.0000333333333,7.5,0.0002,0.0000333333333,6.3,267.7,0.1,292.5725352,102404.6282,"Alex+Noah"
2.03e-19,1.15e-19,0.0001,0.0000333333333,8.6,0.0004,0.0000333333333,5.4,267.7,0.1,292.5725352,102404.6282,"Alex+Noah"
5.09e-19,1.97e-19,0.0003,0.0000333333333,6.5,0.0003,0.0000333333333,6.5,266.8,0.1,292.5725352,102404.6282,"Alex+Noah"
7.66e-20,1.1e-19,0.00005,0.0000333333333,6.7,0.0002,0.0000333333333,5.6,266.8,0.1,292.5725352,102404.6282,"Alex+Noah"
8.08e-19,3.85e-19,0.0002,0.0000333333333,5.3,0.0008,0.0000333333333,6.3,266.8,0.1,292.5725352,102404.6282,"Alex+Noah"
2.13e-19,1.5e-19,0.0001,0.0000333333333,6.9,0.0004,0.0000333333333,6.3,266.8,0.1,292.5725352,102404.6282,"Alex+Noah"
6.93e-19,7.23e-19,0.0002,0.0000333333333,3.7,0.0002,0.0000333333333,3.3,266.8,0.1,292.5725352,102404.6282,"Alex+Noah"
3.74e-19,7.82e-19,0.00005,0.0000333333333,3.8,0.0009,0.0000333333333,6.8,266.8,0.1,292.5725352,102404.6282,"Alex+Noah"
7.95e-20,1.11e-19,0.00005,0.0000333333333,6.9,0.0002,0.0000333333333,5.2,266.8,0.1,292.5725352,102404.6282,"Alex+Noah"
5.14e-19,2.66e-19,0.0003,0.0000333333333,6.4,0.0002,0.0000333333333,4.4,266.8,0.1,292.5725352,102404.6282,"Alex+Noah"
6.5e-19,6.12e-19,0.0002,0.0000333333333,3.7,0.0003,0.0000333333333,5.6,266.8,0.1,292.5725352,102404.6282,"Alex+Noah"
4.96e-19,1.69e-19,0.0002,0.0000333333333,7.8,0.0006,0.0000333333333,5.9,266.8,0.1,292.5725352,102404.6282,"Alex+Noah"
2.22e-19,4.91e-19,0.0001,0.0000333333333,4.6,0.0001,0.0000333333333,2.4,268.2,0.1,292.7133803,102404.6282,"Alex+Noah"
2.27e-19,2.54e-19,0.0001,0.0000333333333,6.1,0.0002,0.0000333333333,3.3,268.2,0.1,292.7133803,102404.6282,"Alex+Noah"
1.87e-19,1.31e-19,0.0001,0.0000333333333,6.9,0.0005,0.0000333333333,9.2,268.2,0.1,292.7133803,102404.6282,"Alex+Noah"
2.18e-19,8.26e-20,0.0002,0.0000333333333,8.7,0.0003,0.0000333333333,8.1,268.2,0.1,292.7133803,102404.6282,"Alex+Noah"
4.76e-19,2.43e-19,0.0002,0.0000333333333,5.7,0.0005,0.0000333333333,7.5,268.2,0.1,292.7133803,102404.6282,"Alex+Noah"
4.95e-19,2.33e-19,0.0002,0.0000333333333,6,0.0005,0.0000333333333,6.6,268.2,0.1,292.7133803,102404.6282,"Alex+Noah"
2.6e-19,1.95e-19,0.0001,0.0000333333333,6.4,0.0004,0.0000333333333,5.3,268.2,0.1,292.7133803,102404.6282,"Alex+Noah"
3.05e-19,2.78e-19,0.0001,0.0000333333333,6.2,0.0003,0.0000333333333,3.4,266.8,0.1,292.5725352,102404.6282,"Alex+Noah"
2.01e-19,1.41e-19,0.0001,0.0000333333333,8,0.0003,0.0000333333333,4.4,266.8,0.1,292.5725352,102404.6282,"Alex+Noah"
2.45e-19,1.32e-19,0.0002,0.0000333333333,7,0.0002,0.0000333333333,6.6,266.8,0.1,292.5725352,102404.6282,"Alex+Noah"
1.6e-19,2.07e-19,0.00005,0.0000333333333,6.3,0.0004,0.0000333333333,5.1,266.8,0.1,292.5725352,102404.6282,"Alex+Noah"
2.56e-19,1.03e-19,0.0002,0.0000333333333,9.7,0.0003,0.0000333333333,5.5,266.8,0.1,292.5725352,102404.6282,"Alex+Noah"
1.03e-19,3.77e-19,0.00005,0.0000333333333,3.4,0.0001,0.0000333333333,4.4,266.8,0.1,292.5725352,102404.6282,"Alex+Noah"
1.53e-19,8.91e-20,0.00015000000000000001,0.0000333333333,9.6,0.0002,0.0000333333333,5.3,266.8,0.1,292.5725352,102404.6282,"Alex+Noah"
2.68e-19,9.05e-20,0.0003,0.0000333333333,8.1,0.0002,0.0000333333333,10.8,268.4,0.1,292.5725352,102404.6282,"Alex+Noah"
1.71e-19,1.51e-19,0.0001,0.0000333333333,6,0.0004,0.0000333333333,9.8,268.4,0.1,292.5725352,102404.6282,"Alex+Noah"
1.71e-19,1.08e-19,0.0001,0.0000333333333,7.5,0.0006,0.0000333333333,11.3,268.4,0.1,292.5725352,102404.6282,"Alex+Noah"
6.57e-19,8.45e-20,0.0007,0.0000333333333,10.2,0.0003,0.0000333333333,11.2,268.4,0.1,292.5725352,102404.6282,"Alex+Noah"
4.96e-19,1.e-19,0.0003,0.0000333333333,9.2,0.0008,0.0000333333333,10.2,268.4,0.1,292.5725352,102404.6282,"Alex+Noah"
3.33e-19,1.29e-18,0.0001,0.0000333333333,4.5,0.0001,0.0000333333333,1.4,267.5,0.1,292.5725352,102404.6282,"Alex+Noah"
1.08e-19,1.4e-19,0.0001,0.0000333333333,5.8,0.0001,0.0000333333333,5.5,267.5,0.1,292.5725352,102404.6282,"Alex+Noah"
3.85e-19,1.98e-19,0.0002,0.0000333333333,7.2,0.0003,0.0000333333333,4.5,267.5,0.1,292.5725352,102404.6282,"Alex+Noah"
1.72e-19,1.12e-19,0.0002,0.0000333333333,6.7,0.0001,0.0000333333333,9.4,267.5,0.1,292.5725352,102404.6282,"Alex+Noah"
6.79e-19,2.04e-19,0.0003,0.0000333333333,7.536,0.0005,0.0000333333333,5.298,266.8,0.1,292.5725352,102404.6282,"Alex+Noah"
1.79e-19,1.76e-19,0.0003,0.0000333333333,13.223,0.0001,0.0000333333333,3.741,266.8,0.1,292.5725352,102404.6282,"Alex+Noah"
7.01e-19,3.08e-19,0.0002,0.0000333333333,6.052,0.0006,0.0000333333333,4.933,266.8,0.1,292.5725352,102404.6282,"Alex+Noah"
4.54e-19,2.71e-19,0.0002,0.0000333333333,5.608,0.0003,0.0000333333333,4.997,266.8,0.1,292.5725352,102404.6282,"Alex+Noah"
1.48e-19,1.27e-19,0.0001,0.0000333333333,7.954,0.0002,0.0000333333333,4.302,266.8,0.1,292.5725352,102404.6282,"Alex+Noah"
3.5711806e-19,3.4614172e-20,0.0001515,0.00002,6.014,0.0002727,0.00002,2.024,476.3,5,292.53436032267996,100900.13157894737,"J"
1.76870772e-19,1.2478262e-20,0.0001938,0.00002,7.656,0.0003225,0.00002,6.01,476.3,5,292.53436032267996,100900.13157894737,"J"
1.6203428399999998e-19,1.1971959999999999e-20,0.0001827,0.00002,7.325,0.0003354,0.00002,6.979,476.3,5,292.53436032267996,100900.13157894737,"J"
3.50415565e-19,1.9245751e-20,0.0002622,0.00002,6.002,0.0005403,0.00002,7.779,476.3,5,292.53436032267996,100900.13157894737,"J"
1.8002200999999999e-19,1.2758518999999998e-20,0.0002233,0.00002,6.653,0.0002857,0.00002,8.327,476.3,5,292.53436032267996,100900.13157894737,"J"
1.7982183599999998e-19,1.0558564e-20,0.0002294,0.00002,9.012,0.0004189,0.00002,7.677,476.3,5,292.53436032267996,100900.13157894737,"J"
1.6703539e-19,1.7171433e-20,0.0001203,0.00002,4.947,0.0003607,0.00002,6.923,476.3,5,292.53436032267996,100900.13157894737,"J"
1.7695005399999998e-19,1.6311365e-20,0.0001102,0.00002,6.933,0.0004478,0.00002,5.01,476.3,5,292.53436032267996,100900.13157894737,"J"
3.2426223599999997e-19,2.3347309e-20,0.0001458,0.00002,7.994,0.0006007,0.00002,3.783,476.3,5,292.53436032267996,100900.13157894737,"J"
3.09078029e-19,2.1336695e-20,0.0001748,0.00002,6.338,0.0004633,0.00002,4.478,476.3,5,292.53436032267996,100900.13157894737,"J"
1.65786374e-19,1.2260276e-20,0.0001744,0.00002,6.661,0.0004403,0.00002,8.594,508.4,5,292.94566962991996,100966.77631578947,"J"
1.4712955899999999e-19,1.5983903e-20,0.0000828,0.00002,6.527,0.0008043,0.00002,8.455,508.4,5,292.94566962991996,100966.77631578947,"J"
1.5993648499999998e-19,2.8985084999999997e-20,0.0000743,0.00002,2.623,0.0001909,0.00002,4.45,508.4,5,292.94566962991996,100966.77631578947,"J"
1.68967175e-19,1.3192794999999999e-20,0.0001187,0.00002,9.066,0.001438,0.00002,17.302,403.1,5,292.81817461168,100900.13157894737,"J"
1.7191506999999998e-19,1.3590221e-20,0.0001641,0.00002,6.918,0.0004308,0.00002,9.823,403.1,5,292.81817461168,100900.13157894737,"J"
3.44287834e-19,3.7191806e-20,0.0001031,0.00002,3.392,0.0013889,0.00002,16.123,403.1,5,292.81817461168,100900.13157894737,"J"
1.0863270199999998e-19,1.1173774e-20,0.0001488,0.00002,6.355,0.0001723,0.00002,5.65,504.9,5,292.20858028074997,100900.13157894737,"J"
4.6256421e-19,7.6818824e-20,0.0000602,0.00002,1.97,0.000509,0.00002,3.325,474.3,5,292.55314991211515,100900.13157894737,"J"
1.60579871e-19,4.8455448e-20,0.0000284,0.00002,2.609,0.000298,0.00002,2.702,474.3,5,292.55314991211515,100900.13157894737,"J"
1.72555032e-19,2.9770781e-20,0.0000678,0.00002,2.97,0.000236,0.00002,4.009,474.3,5,292.55314991211515,100900.13157894737,"J"
1.61429943e-19,3.6282546999999997e-20,0.0000439,0.00002,2.662,0.0003103,0.00002,4.032,474.3,5,292.55314991211515,100900.13157894737,"J"
3.2876864199999997e-19,4.6586636999999996e-20,0.0000983,0.00002,2.342,0.0002218,0.00002,3.349,474.3,5,292.55314991211515,100900.13157894737,"J"
8.8516395e-20,6.8101766e-20,0.0000105,0.00002,1.644,0.0002056,0.00002,2.312,474.3,5,292.55314991211515,100900.13157894737,"J"
3.12779109e-19,8.749245399999999e-20,0.0000386,0.00002,1.315,0.0002633,0.00002,2.691,474.3,5,292.55314991211515,100900.13157894737,"J"
1.7736166699999998e-19,3.3931122000000004e-20,0.0000411,0.00002,5.252,0.0007438,0.00002,4.421,501.8,5,293.0739987,100900.13157894737,"J"
1.31387373e-19,4.5973818999999996e-20,0.0000227,0.00002,3.184,0.0003498,0.00002,2.655,501.8,5,293.0739987,100900.13157894737,"J"
5.1043417e-20,4.6951469999999997e-20,8.e-6,0.00002,3.43,0.0004091,0.00002,3.465,501.8,5,293.0739987,100900.13157894737,"J"
1.50685111e-19,4.4134885e-20,0.0000289,0.00002,2.817,0.0003084,0.00002,2.687,501.8,5,293.0739987,100900.13157894737,"J"
4.5922455e-20,1.8189632e-20,0.0000206,0.00002,4.555,0.0002296,0.00002,3.702,501.8,5,293.0739987,100900.13157894737,"J"
2.1000407399999998e-19,4.7985037e-20,0.0000372,0.00002,2.767,0.0006762,0.00002,5.088,501.8,5,293.0739987,100900.13157894737,"J"
1.71957846e-19,2.3851422e-20,0.0000847,0.00002,3.915,0.0002226,0.00002,3.304,501.8,5,293.0739987,100900.13157894737,"J"
1.4289094499999998e-19,2.5014250999999997e-20,0.0000635,0.00002,3.381,0.0002182,0.00002,3.524,501.8,5,293.0739987,100900.13157894737,"J"
1.43272868e-19,1.7668478e-20,0.0000783,0.00002,5.49,0.0004438,0.00002,5.419,501.8,5,293.0739987,100900.13157894737,"J"
1.50755127e-19,1.8502246e-20,0.0000984,0.00002,4.729,0.0002322,0.00002,3.928,501.8,5,293.0739987,100900.13157894737,"J"
1.71337356e-19,2.7666889e-20,0.0000783,0.00002,4.639,0.0001466,0.00002,1.694,501.8,5,293.0739987,100900.13157894737,"J"
1.3812806e-19,1.1890304e-20,0.0002228,0.00002,6.817,0.0001237,0.00002,7.187,449.2,5,292.4562723636299,100900.13157894737,"J"
1.81888032e-19,2.3240274e-20,0.0000947,0.00002,4.78,0.0002038,0.00002,2.947,449.2,5,292.4562723636299,100900.13157894737,"J"
1.36940057e-19,1.6840632999999998e-20,0.0001028,0.00002,6.383,0.0001792,0.00002,2.982,449.2,5,292.4562723636299,100900.13157894737,"J"
3.1464788199999997e-19,4.7550779999999995e-20,0.0000889,0.00002,2.308,0.0002387,0.00002,3.694,449.2,5,292.4562723636299,100900.13157894737,"J"
3.3417711099999997e-19,3.8455664e-20,0.0001045,0.00002,4.181,0.0002683,0.00002,2.297,449.2,5,292.4562723636299,100900.13157894737,"J"
1.5097956e-19,3.2616473e-20,0.0000384,0.00002,4.017,0.0004874,0.00002,4.022,500,5,293.04183824012,100900.13157894737,"J"
4.86107151e-19,4.4213145e-20,0.0001541,0.00002,2.964,0.0003613,0.00002,3.727,500,5,293.04183824012,100900.13157894737,"J"
4.8286909e-20,3.2719948e-20,-0.000011,0.00002,-4.607,-0.0002638,0.00002,-2.693,450.1,5,293.0739987,100900.13157894737,"J"
2.98193055e-19,2.2479117e-20,-0.0001627,0.00002,-5.42,-0.0004461,0.00002,-5.341,450.1,5,293.0739987,100900.13157894737,"J"
1.34042103e-19,5.1153013999999995e-20,0.0000262,0.00002,1.714,0.0003057,0.00002,4.935,450.1,5,293.0739987,100900.13157894737,"J"
1.49254134e-19,3.3022059e-20,0.0000449,0.00002,2.993,0.0002458,0.00002,3.413,450.1,5,293.0739987,100900.13157894737,"J"
1.67627017e-19,3.7901203e-20,0.0000431,0.00002,3.044,0.0002006,0.00002,2.3,450.1,5,293.0739987,100900.13157894737,"J"
3.14543712e-19,5.4477865e-20,0.0000557,0.00002,2.64,0.0003802,0.00002,2.989,450.1,5,293.0739987,100900.13157894737,"J"
7.72482446e-19,1.1139048e-19,0.0001008,0.00002,1.661,0.0002238,0.00002,1.667,450.1,5,293.0739987,100900.13157894737,"J"
1.26372598e-19,2.8870025e-20,-0.0000456,0.00002,-3.029,-0.0002135,0.00002,-3.652,450.1,5,293.0739987,100900.13157894737,"J"
3.0679781199999997e-19,2.7772474e-20,-0.0001368,0.00002,-4.236,-0.0003961,0.00002,-4.98,450.1,5,293.0739987,100900.13157894737,"J"
1.98353667e-19,2.0731072e-20,0.00011375,0.00002,4.337,0.000394709,0.00002,6.012,504.9,5,292.20858028074997,100900.13157894737,"J"
1.50448918e-19,2.8663938e-20,0.000060663,0.00002,2.679,0.000410686,0.00002,7.669,504.9,5,292.20858028074997,100900.13157894737,"J"
1.9008868999999998e-19,1.2269051e-20,0.000230245,0.00002,7.009,0.000353177,0.00002,8.01,504.9,5,292.20858028074997,100900.13157894737,"J"
4.721390259999999e-19,4.3484249e-20,0.0001541,0.00002,2.957,0.0003447,0.00002,3.733,500,5,293.04183824012,100900.13157894737,"J"
4.70129865e-19,4.3408415e-20,0.0001541,0.00002,2.952,0.0003421,0.00002,3.739,500,5,293.04183824012,100900.13157894737,"J"
4.70289283e-19,4.4370531e-20,0.000145,0.00002,2.9,0.00037,0.00002,3.8,500,5,293.04183824012,100900.13157894737,"J"
5.038499329999999e-19,4.3900897999999996e-20,0.0001679,0.00002,2.96,0.0003692,0.00002,4.098,500,5,293.04183824012,100900.13157894737,"J"
3.12824277e-19,6.6577701e-20,0.0000561,0.00002,1.58,0.0002704,0.00002,3.21,500,5,293.04183824012,100900.13157894737,"J"
4.545746580000001e-19,9.608223299999999e-20,0.0000808,0.00002,1.191,0.0001707,0.00002,3.299,500,5,293.04183824012,100900.13157894737,"J"
4.75363577e-19,8.339138900000001e-20,0.0000836,0.00002,1.431,0.0002449,0.00002,3.149,500,5,293.04183824012,100900.13157894737,"J"
3.32437538e-19,6.4361975e-20,0.0000601,0.00002,1.714,0.0002997,0.00002,3.218,500,5,293.04183824012,100900.13157894737,"J"
1.61701848e-19,4.3285381e-20,0.0000611,0.00002,1.714,0.000084,0.00002,3.218,500,5,293.04183824012,100900.13157894737,"J"
1.6713876e-19,4.2981669999999996e-20,0.0000607,0.00002,1.759,0.0000987,0.00002,3.23,500,5,293.04183824012,100900.13157894737,"J"
3.2801009900000004e-19,3.9976876e-20,0.00009,0.00002,2.97,0.0004403,0.00002,4.09,500,5,293.04183824012,100900.13157894737,"J"
1.8067256e-19,2.2251842e-20,0.00008,0.00002,4.481,0.0005355,0.00002,6.079,504.9,5,292.20858028074997,100900.13157894737,"J"
3.21567621e-19,2.4704604e-20,0.0001976,0.00002,4.071,0.0004243,0.00002,7.718,504.9,5,292.20858028074997,100900.13157894737,"J"
4.68660697e-19,2.9101874999999997e-20,0.0002558,0.00002,4.114,0.0005492,0.00002,7.999,504.9,5,292.20858028074997,100900.13157894737,"J"
3.4438916599999995e-19,2.6025002e-20,0.0001568,0.00002,4.481,0.0006035,0.00002,6.079,504.9,5,292.20858028074997,100900.13157894737,"J"
4.82288734e-19,7.5297169e-20,0.0000731,0.00002,1.761,0.0004166,0.00002,3.241,504.9,5,292.20858028074997,100900.13157894737,"J"
1.65596749e-19,3.8189996e-20,0.0000847,0.00002,1.895,0.0000791,0.00002,7.047,504.9,5,292.20858028074997,100900.13157894737,"J"
4.545575679999999e-19,5.6684336e-20,0.0001172,0.00002,2.019,0.0004894,0.00002,6.619,504.9,5,292.20858028074997,100900.13157894737,"J"
4.83977353e-19,6.9040992e-20,0.0001043,0.00002,1.757,0.0002571,0.00002,3.239,504.9,5,292.20858028074997,100900.13157894737,"J"
4.64505933e-19,7.2965378e-20,0.0000746,0.00002,1.757,0.000386,0.00002,3.239,504.9,5,292.20858028074997,100900.13157894737,"J"
3.46565376e-19,4.7328786999999996e-20,0.0000748,0.00002,2.993,0.0004176,0.00002,3.413,450.1,5,293.0739987,100900.13157894737,"J"
3.23683508e-19,3.2949524e-20,0.0001088,0.00002,4.026,0.0004203,0.00002,4.032,450.1,5,293.0739987,100900.13157894737,"J"
3.2975741699999997e-19,3.4384494e-20,0.0001106,0.00002,3.87,0.0003607,0.00002,3.581,450.1,5,293.0739987,100900.13157894737,"J"
3.9832571899999995e-19,4.0237635e-20,0.000112,0.00002,3.877,0.0003919,0.00002,3.103,450.1,5,293.0739987,100900.13157894737,"J"
3.83195205e-19,4.3246895000000004e-20,0.0001124,0.00002,2.993,0.0003078,0.00002,3.413,450.1,5,293.0739987,100900.13157894737,"J"
2.49600611e-19,3.0183293e-20,0.0000944,0.00002,3.87,0.0002983,0.00002,3.581,450.1,5,293.0739987,100900.13157894737,"J"
2.78854411e-19,2.9601116e-20,0.0001104,0.00002,4.026,0.0003414,0.00002,4.032,450.1,5,293.0739987,100900.13157894737,"J"
3.25372255e-19,1.6328099e-20,0.0002007,0.00002,9.066,0.0019248,0.00002,17.302,403.1,5,292.81817461168,100900.13157894737,"J"
3.7851631499999995e-19,1.7286892e-20,0.0002259,0.00002,9.066,0.0020349,0.00002,17.033,403.1,5,292.81817461168,100900.13157894737,"J"
4.28769231e-19,1.9042924e-20,0.0002259,0.00002,9.066,0.0023614,0.00002,17.033,403.1,5,292.81817461168,100900.13157894737,"J"
4.94635516e-19,2.0266455999999998e-20,0.0002491,0.00002,9.066,0.0026019,0.00002,17.302,403.1,5,292.81817461168,100900.13157894737,"J"
