Start Time, Mon Sep 4 04:08:48 GMT-0400 2006
Energy calibration,  Offset: 0, Slope: 0.755919873714447, Quadratic: 0
Live Time (s), 6753.86
Real Time (s), 6757.02
Elapsed Computational, 0
Spectrum
Channel, Energy (keV), Counts
1, 0.755919873714447, 0
2, 1.511839747428894, 0
3, 2.267759621143341, 0
4, 3.023679494857788, 0
5, 3.779599368572235, 0
6, 4.535519242286682, 0
7, 5.291439116001129, 0
8, 6.047358989715576, 0
9, 6.803278863430023, 0
10, 7.55919873714447, 614
11, 8.315118610858917, 625
12, 9.071038484573364, 597
13, 9.826958358287811, 591
14, 10.582878232002258, 649
15, 11.338798105716705, 622
16, 12.094717979431152, 653
17, 12.8506378531456, 736
18, 13.606557726860046, 722
19, 14.362477600574493, 695
20, 15.11839747428894, 672
21, 15.874317348003387, 701
22, 16.630237221717834, 723
23, 17.38615709543228, 698
24, 18.14207696914673, 713
25, 18.897996842861176, 684
26, 19.653916716575623, 799
27, 20.40983659029007, 732
28, 21.165756464004517, 749
29, 21.921676337718964, 826
30, 22.67759621143341, 770
31, 23.433516085147858, 788
32, 24.189435958862305, 774
33, 24.94535583257675, 814
34, 25.7012757062912, 869
35, 26.457195580005646, 928
36, 27.213115453720093, 919
37, 27.96903532743454, 1058
38, 28.724955201148987, 1156
39, 29.480875074863434, 1313
40, 30.23679494857788, 1343
41, 30.992714822292328, 1476
42, 31.748634696006775, 1595
43, 32.50455456972122, 1707
44, 33.26047444343567, 1752
45, 34.016394317150116, 1747
46, 34.77231419086456, 1808
47, 35.52823406457901, 1759
48, 36.28415393829346, 1830
49, 37.040073812007904, 1712
50, 37.79599368572235, 1684
51, 38.5519135594368, 1697
52, 39.307833433151245, 1775
53, 40.06375330686569, 1775
54, 40.81967318058014, 1745
55, 41.575593054294586, 1744
56, 42.33151292800903, 1712
57, 43.08743280172348, 1760
58, 43.84335267543793, 1711
59, 44.599272549152374, 1765
60, 45.35519242286682, 1829
61, 46.11111229658127, 1812
62, 46.867032170295715, 1873
63, 47.62295204401016, 1827
64, 48.37887191772461, 1862
65, 49.134791791439056, 1871
66, 49.8907116651535, 1938
67, 50.64663153886795, 1872
68, 51.4025514125824, 1872
69, 52.158471286296844, 1856
70, 52.91439116001129, 1864
71, 53.67031103372574, 1813
72, 54.426230907440186, 1851
73, 55.18215078115463, 1911
74, 55.93807065486908, 1897
75, 56.69399052858353, 1874
76, 57.449910402297974, 1952
77, 58.20583027601242, 1901
78, 58.96175014972687, 1952
79, 59.717670023441315, 1871
80, 60.47358989715576, 1863
81, 61.22950977087021, 1904
82, 61.985429644584656, 1941
83, 62.7413495182991, 1892
84, 63.49726939201355, 1900
85, 64.253189265728, 1781
86, 65.00910913944244, 1912
87, 65.76502901315689, 1797
88, 66.52094888687134, 1847
89, 67.27686876058578, 1789
90, 68.03278863430023, 1763
91, 68.78870850801468, 1750
92, 69.54462838172913, 1824
93, 70.30054825544357, 1777
94, 71.05646812915802, 1844
95, 71.81238800287247, 1782
96, 72.56830787658691, 1793
97, 73.32422775030136, 1750
98, 74.08014762401581, 1729
99, 74.83606749773026, 1744
100, 75.5919873714447, 1636
101, 76.34790724515915, 1753
102, 77.1038271188736, 1718
103, 77.85974699258804, 1670
104, 78.61566686630249, 1677
105, 79.37158674001694, 1711
106, 80.12750661373138, 1605
107, 80.88342648744583, 1649
108, 81.63934636116028, 1561
109, 82.39526623487473, 1581
110, 83.15118610858917, 1597
111, 83.90710598230362, 1623
112, 84.66302585601807, 1576
113, 85.41894572973251, 1547
114, 86.17486560344696, 1542
115, 86.93078547716141, 1607
116, 87.68670535087585, 1519
117, 88.4426252245903, 1456
118, 89.19854509830475, 1361
119, 89.9544649720192, 1582
120, 90.71038484573364, 1453
121, 91.46630471944809, 1427
122, 92.22222459316254, 1406
123, 92.97814446687698, 1424
124, 93.73406434059143, 1361
125, 94.48998421430588, 1439
126, 95.24590408802032, 1364
127, 96.00182396173477, 1329
128, 96.75774383544922, 1411
129, 97.51366370916367, 1340
130, 98.26958358287811, 1315
131, 99.02550345659256, 1333
132, 99.781423330307, 1287
133, 100.53734320402145, 1292
134, 101.2932630777359, 1268
135, 102.04918295145035, 1231
136, 102.8051028251648, 1264
137, 103.56102269887924, 1233
138, 104.31694257259369, 1240
139, 105.07286244630814, 1209
140, 105.82878232002258, 1150
141, 106.58470219373703, 1162
142, 107.34062206745148, 1193
143, 108.09654194116592, 1081
144, 108.85246181488037, 1102
145, 109.60838168859482, 1080
146, 110.36430156230927, 1079
147, 111.12022143602371, 1110
148, 111.87614130973816, 1090
149, 112.6320611834526, 1036
150, 113.38798105716705, 993
151, 114.1439009308815, 1011
152, 114.89982080459595, 955
153, 115.6557406783104, 994
154, 116.41166055202484, 1046
155, 117.16758042573929, 969
156, 117.92350029945374, 1022
157, 118.67942017316818, 978
158, 119.43534004688263, 998
159, 120.19125992059708, 975
160, 120.94717979431152, 953
161, 121.70309966802597, 923
162, 122.45901954174042, 884
163, 123.21493941545486, 924
164, 123.97085928916931, 898
165, 124.72677916288376, 892
166, 125.4826990365982, 881
167, 126.23861891031265, 893
168, 126.9945387840271, 850
169, 127.75045865774155, 842
170, 128.506378531456, 895
171, 129.26229840517044, 830
172, 130.0182182788849, 825
173, 130.77413815259933, 829
174, 131.53005802631378, 819
175, 132.28597790002823, 801
176, 133.04189777374268, 807
177, 133.79781764745712, 848
178, 134.55373752117157, 792
179, 135.30965739488602, 814
180, 136.06557726860046, 736
181, 136.8214971423149, 733
182, 137.57741701602936, 762
183, 138.3333368897438, 764
184, 139.08925676345825, 787
185, 139.8451766371727, 757
186, 140.60109651088715, 709
187, 141.3570163846016, 707
188, 142.11293625831604, 732
189, 142.8688561320305, 702
190, 143.62477600574493, 732
191, 144.38069587945938, 684
192, 145.13661575317383, 741
193, 145.89253562688828, 715
194, 146.64845550060272, 698
195, 147.40437537431717, 664
196, 148.16029524803162, 651
197, 148.91621512174606, 609
198, 149.6721349954605, 681
199, 150.42805486917496, 681
200, 151.1839747428894, 643
201, 151.93989461660385, 635
202, 152.6958144903183, 630
203, 153.45173436403275, 645
204, 154.2076542377472, 644
205, 154.96357411146164, 601
206, 155.7194939851761, 625
207, 156.47541385889053, 596
208, 157.23133373260498, 613
209, 157.98725360631943, 599
210, 158.74317348003387, 543
211, 159.49909335374832, 565
212, 160.25501322746277, 609
213, 161.01093310117722, 587
214, 161.76685297489166, 617
215, 162.5227728486061, 607
216, 163.27869272232056, 609
217, 164.034612596035, 567
218, 164.79053246974945, 547
219, 165.5464523434639, 569
220, 166.30237221717834, 565
221, 167.0582920908928, 553
222, 167.81421196460724, 567
223, 168.5701318383217, 531
224, 169.32605171203613, 523
225, 170.08197158575058, 540
226, 170.83789145946503, 521
227, 171.59381133317947, 568
228, 172.34973120689392, 542
229, 173.10565108060837, 524
230, 173.86157095432281, 530
231, 174.61749082803726, 560
232, 175.3734107017517, 527
233, 176.12933057546616, 523
234, 176.8852504491806, 510
235, 177.64117032289505, 566
236, 178.3970901966095, 524
237, 179.15301007032394, 553
238, 179.9089299440384, 529
239, 180.66484981775284, 517
240, 181.42076969146729, 532
241, 182.17668956518173, 551
242, 182.93260943889618, 498
243, 183.68852931261063, 497
244, 184.44444918632507, 533
245, 185.20036906003952, 505
246, 185.95628893375397, 602
247, 186.71220880746841, 573
248, 187.46812868118286, 605
249, 188.2240485548973, 567
250, 188.97996842861176, 611
251, 189.7358883023262, 657
252, 190.49180817604065, 677
253, 191.2477280497551, 656
254, 192.00364792346954, 737
255, 192.759567797184, 786
256, 193.51548767089844, 765
257, 194.27140754461288, 768
258, 195.02732741832733, 840
259, 195.78324729204178, 868
260, 196.53916716575623, 866
261, 197.29508703947067, 935
262, 198.05100691318512, 916
263, 198.80692678689957, 945
264, 199.562846660614, 977
265, 200.31876653432846, 961
266, 201.0746864080429, 996
267, 201.83060628175735, 1023
268, 202.5865261554718, 982
269, 203.34244602918625, 1012
270, 204.0983659029007, 1036
271, 204.85428577661514, 996
272, 205.6102056503296, 1007
273, 206.36612552404404, 996
274, 207.12204539775848, 941
275, 207.87796527147293, 865
276, 208.63388514518738, 914
277, 209.38980501890182, 835
278, 210.14572489261627, 862
279, 210.90164476633072, 850
280, 211.65756464004517, 817
281, 212.4134845137596, 728
282, 213.16940438747406, 716
283, 213.9253242611885, 724
284, 214.68124413490295, 741
285, 215.4371640086174, 720
286, 216.19308388233185, 679
287, 216.9490037560463, 614
288, 217.70492362976074, 563
289, 218.4608435034752, 562
290, 219.21676337718964, 565
291, 219.97268325090408, 504
292, 220.72860312461853, 459
293, 221.48452299833298, 507
294, 222.24044287204742, 469
295, 222.99636274576187, 446
296, 223.75228261947632, 402
297, 224.50820249319077, 435
298, 225.2641223669052, 430
299, 226.02004224061966, 394
300, 226.7759621143341, 377
301, 227.53188198804855, 368
302, 228.287801861763, 426
303, 229.04372173547745, 348
304, 229.7996416091919, 383
305, 230.55556148290634, 359
306, 231.3114813566208, 346
307, 232.06740123033524, 353
308, 232.82332110404968, 297
309, 233.57924097776413, 333
310, 234.33516085147858, 340
311, 235.09108072519302, 339
312, 235.84700059890747, 349
313, 236.60292047262192, 308
314, 237.35884034633636, 325
315, 238.1147602200508, 341
316, 238.87068009376526, 344
317, 239.6265999674797, 368
318, 240.38251984119415, 344
319, 241.1384397149086, 376
320, 241.89435958862305, 407
321, 242.6502794623375, 415
322, 243.40619933605194, 392
323, 244.1621192097664, 346
324, 244.91803908348083, 423
325, 245.67395895719528, 373
326, 246.42987883090973, 396
327, 247.18579870462418, 401
328, 247.94171857833862, 392
329, 248.69763845205307, 435
330, 249.45355832576752, 466
331, 250.20947819948196, 470
332, 250.9653980731964, 463
333, 251.72131794691086, 471
334, 252.4772378206253, 443
335, 253.23315769433975, 484
336, 253.9890775680542, 486
337, 254.74499744176865, 490
338, 255.5009173154831, 485
339, 256.25683718919754, 468
340, 257.012757062912, 538
341, 257.76867693662643, 517
342, 258.5245968103409, 564
343, 259.2805166840553, 535
344, 260.0364365577698, 505
345, 260.7923564314842, 487
346, 261.54827630519867, 490
347, 262.3041961789131, 462
348, 263.06011605262756, 489
349, 263.816035926342, 470
350, 264.57195580005646, 476
351, 265.3278756737709, 483
352, 266.08379554748535, 521
353, 266.8397154211998, 466
354, 267.59563529491425, 463
355, 268.3515551686287, 462
356, 269.10747504234314, 446
357, 269.8633949160576, 431
358, 270.61931478977203, 430
359, 271.3752346634865, 394
360, 272.1311545372009, 384
361, 272.8870744109154, 390
362, 273.6429942846298, 361
363, 274.39891415834427, 349
364, 275.1548340320587, 376
365, 275.91075390577316, 324
366, 276.6666737794876, 354
367, 277.42259365320206, 318
368, 278.1785135269165, 295
369, 278.93443340063095, 311
370, 279.6903532743454, 300
371, 280.44627314805984, 286
372, 281.2021930217743, 263
373, 281.95811289548874, 260
374, 282.7140327692032, 245
375, 283.46995264291763, 269
376, 284.2258725166321, 247
377, 284.9817923903465, 259
378, 285.737712264061, 219
379, 286.4936321377754, 258
380, 287.24955201148987, 241
381, 288.0054718852043, 193
382, 288.76139175891876, 200
383, 289.5173116326332, 188
384, 290.27323150634766, 209
385, 291.0291513800621, 209
386, 291.78507125377655, 212
387, 292.540991127491, 183
388, 293.29691100120544, 166
389, 294.0528308749199, 190
390, 294.80875074863434, 205
391, 295.5646706223488, 176
392, 296.32059049606323, 177
393, 297.0765103697777, 196
394, 297.8324302434921, 184
395, 298.5883501172066, 194
396, 299.344269990921, 172
397, 300.10018986463547, 173
398, 300.8561097383499, 166
399, 301.61202961206436, 160
400, 302.3679494857788, 167
401, 303.12386935949326, 169
402, 303.8797892332077, 134
403, 304.63570910692215, 157
404, 305.3916289806366, 173
405, 306.14754885435104, 156
406, 306.9034687280655, 160
407, 307.65938860177994, 171
408, 308.4153084754944, 150
409, 309.17122834920883, 143
410, 309.9271482229233, 156
411, 310.6830680966377, 154
412, 311.4389879703522, 141
413, 312.1949078440666, 148
414, 312.95082771778107, 156
415, 313.7067475914955, 137
416, 314.46266746520996, 174
417, 315.2185873389244, 136
418, 315.97450721263885, 172
419, 316.7304270863533, 159
420, 317.48634696006775, 131
421, 318.2422668337822, 119
422, 318.99818670749664, 155
423, 319.7541065812111, 160
424, 320.51002645492554, 151
425, 321.26594632864, 147
426, 322.02186620235443, 140
427, 322.7777860760689, 134
428, 323.5337059497833, 157
429, 324.2896258234978, 140
430, 325.0455456972122, 138
431, 325.80146557092667, 157
432, 326.5573854446411, 127
433, 327.31330531835556, 129
434, 328.06922519207, 144
435, 328.82514506578445, 144
436, 329.5810649394989, 147
437, 330.33698481321335, 153
438, 331.0929046869278, 136
439, 331.84882456064224, 141
440, 332.6047444343567, 154
441, 333.36066430807114, 144
442, 334.1165841817856, 128
443, 334.87250405550003, 124
444, 335.6284239292145, 141
445, 336.3843438029289, 134
446, 337.1402636766434, 120
447, 337.8961835503578, 120
448, 338.65210342407227, 149
449, 339.4080232977867, 125
450, 340.16394317150116, 128
451, 340.9198630452156, 137
452, 341.67578291893005, 140
453, 342.4317027926445, 118
454, 343.18762266635895, 134
455, 343.9435425400734, 144
456, 344.69946241378784, 127
457, 345.4553822875023, 142
458, 346.21130216121674, 128
459, 346.9672220349312, 133
460, 347.72314190864563, 108
461, 348.4790617823601, 138
462, 349.2349816560745, 141
463, 349.99090152978897, 142
464, 350.7468214035034, 136
465, 351.50274127721786, 129
466, 352.2586611509323, 138
467, 353.01458102464676, 138
468, 353.7705008983612, 142
469, 354.52642077207565, 138
470, 355.2823406457901, 140
471, 356.03826051950455, 117
472, 356.794180393219, 145
473, 357.55010026693344, 129
474, 358.3060201406479, 146
475, 359.06194001436234, 138
476, 359.8178598880768, 125
477, 360.57377976179123, 146
478, 361.3296996355057, 127
479, 362.0856195092201, 123
480, 362.84153938293457, 137
481, 363.597459256649, 130
482, 364.35337913036346, 131
483, 365.1092990040779, 131
484, 365.86521887779236, 133
485, 366.6211387515068, 137
486, 367.37705862522125, 137
487, 368.1329784989357, 146
488, 368.88889837265015, 134
489, 369.6448182463646, 107
490, 370.40073812007904, 115
491, 371.1566579937935, 153
492, 371.91257786750793, 133
493, 372.6684977412224, 160
494, 373.42441761493683, 149
495, 374.1803374886513, 125
496, 374.9362573623657, 131
497, 375.69217723608017, 123
498, 376.4480971097946, 126
499, 377.20401698350906, 125
500, 377.9599368572235, 123
501, 378.71585673093796, 126
502, 379.4717766046524, 142
503, 380.22769647836685, 110
504, 380.9836163520813, 125
505, 381.73953622579575, 116
506, 382.4954560995102, 104
507, 383.25137597322464, 114
508, 384.0072958469391, 117
509, 384.76321572065353, 109
510, 385.519135594368, 102
511, 386.2750554680824, 109
512, 387.0309753417969, 149
513, 387.7868952155113, 128
514, 388.54281508922577, 127
515, 389.2987349629402, 120
516, 390.05465483665466, 128
517, 390.8105747103691, 121
518, 391.56649458408356, 94
519, 392.322414457798, 98
520, 393.07833433151245, 108
521, 393.8342542052269, 114
522, 394.59017407894135, 111
523, 395.3460939526558, 103
524, 396.10201382637024, 108
525, 396.8579337000847, 88
526, 397.61385357379913, 114
527, 398.3697734475136, 101
528, 399.125693321228, 110
529, 399.8816131949425, 92
530, 400.6375330686569, 86
531, 401.39345294237137, 105
532, 402.1493728160858, 121
533, 402.90529268980026, 112
534, 403.6612125635147, 85
535, 404.41713243722916, 96
536, 405.1730523109436, 110
537, 405.92897218465805, 107
538, 406.6848920583725, 90
539, 407.44081193208694, 89
540, 408.1967318058014, 104
541, 408.95265167951584, 73
542, 409.7085715532303, 80
543, 410.46449142694473, 97
544, 411.2204113006592, 95
545, 411.9763311743736, 83
546, 412.7322510480881, 98
547, 413.4881709218025, 90
548, 414.24409079551697, 91
549, 415.0000106692314, 95
550, 415.75593054294586, 108
551, 416.5118504166603, 99
552, 417.26777029037476, 103
553, 418.0236901640892, 97
554, 418.77961003780365, 95
555, 419.5355299115181, 74
556, 420.29144978523254, 75
557, 421.047369658947, 94
558, 421.80328953266144, 72
559, 422.5592094063759, 81
560, 423.31512928009033, 67
561, 424.0710491538048, 72
562, 424.8269690275192, 84
563, 425.5828889012337, 65
564, 426.3388087749481, 71
565, 427.09472864866257, 80
566, 427.850648522377, 78
567, 428.60656839609146, 74
568, 429.3624882698059, 87
569, 430.11840814352036, 82
570, 430.8743280172348, 58
571, 431.63024789094925, 75
572, 432.3861677646637, 75
573, 433.14208763837814, 74
574, 433.8980075120926, 78
575, 434.65392738580704, 83
576, 435.4098472595215, 59
577, 436.16576713323593, 68
578, 436.9216870069504, 80
579, 437.6776068806648, 71
580, 438.4335267543793, 80
581, 439.1894466280937, 71
582, 439.94536650180817, 80
583, 440.7012863755226, 80
584, 441.45720624923706, 63
585, 442.2131261229515, 68
586, 442.96904599666595, 62
587, 443.7249658703804, 72
588, 444.48088574409485, 80
589, 445.2368056178093, 86
590, 445.99272549152374, 62
591, 446.7486453652382, 69
592, 447.50456523895264, 77
593, 448.2604851126671, 72
594, 449.01640498638153, 81
595, 449.772324860096, 77
596, 450.5282447338104, 76
597, 451.2841646075249, 63
598, 452.0400844812393, 72
599, 452.79600435495377, 70
600, 453.5519242286682, 60
601, 454.30784410238266, 82
602, 455.0637639760971, 71
603, 455.81968384981155, 86
604, 456.575603723526, 91
605, 457.33152359724045, 71
606, 458.0874434709549, 83
607, 458.84336334466934, 77
608, 459.5992832183838, 84
609, 460.35520309209824, 73
610, 461.1111229658127, 74
611, 461.86704283952713, 76
612, 462.6229627132416, 85
613, 463.378882586956, 77
614, 464.13480246067047, 79
615, 464.8907223343849, 86
616, 465.64664220809937, 83
617, 466.4025620818138, 101
618, 467.15848195552826, 111
619, 467.9144018292427, 97
620, 468.67032170295715, 117
621, 469.4262415766716, 92
622, 470.18216145038605, 121
623, 470.9380813241005, 121
624, 471.69400119781494, 112
625, 472.4499210715294, 124
626, 473.20584094524384, 144
627, 473.9617608189583, 103
628, 474.71768069267273, 121
629, 475.4736005663872, 125
630, 476.2295204401016, 126
631, 476.98544031381607, 149
632, 477.7413601875305, 169
633, 478.49728006124496, 148
634, 479.2531999349594, 177
635, 480.00911980867386, 138
636, 480.7650396823883, 159
637, 481.52095955610275, 140
638, 482.2768794298172, 144
639, 483.03279930353165, 176
640, 483.7887191772461, 177
641, 484.54463905096054, 174
642, 485.300558924675, 138
643, 486.05647879838943, 148
644, 486.8123986721039, 170
645, 487.56831854581833, 140
646, 488.3242384195328, 180
647, 489.0801582932472, 158
648, 489.83607816696167, 150
649, 490.5919980406761, 163
650, 491.34791791439056, 142
651, 492.103837788105, 171
652, 492.85975766181946, 145
653, 493.6156775355339, 141
654, 494.37159740924835, 137
655, 495.1275172829628, 155
656, 495.88343715667725, 126
657, 496.6393570303917, 161
658, 497.39527690410614, 181
659, 498.1511967778206, 124
660, 498.90711665153503, 134
661, 499.6630365252495, 162
662, 500.4189563989639, 151
663, 501.1748762726784, 143
664, 501.9307961463928, 130
665, 502.68671602010727, 127
666, 503.4426358938217, 136
667, 504.19855576753616, 136
668, 504.9544756412506, 130
669, 505.71039551496506, 151
670, 506.4663153886795, 123
671, 507.22223526239395, 115
672, 507.9781551361084, 104
673, 508.73407500982285, 112
674, 509.4899948835373, 102
675, 510.24591475725174, 118
676, 511.0018346309662, 117
677, 511.75775450468063, 105
678, 512.5136743783951, 99
679, 513.2695942521095, 99
680, 514.025514125824, 108
681, 514.7814339995384, 102
682, 515.5373538732529, 100
683, 516.2932737469673, 105
684, 517.0491936206818, 80
685, 517.8051134943962, 84
686, 518.5610333681107, 92
687, 519.3169532418251, 104
688, 520.0728731155396, 73
689, 520.828792989254, 81
690, 521.5847128629684, 82
691, 522.3406327366829, 86
692, 523.0965526103973, 91
693, 523.8524724841118, 86
694, 524.6083923578262, 90
695, 525.3643122315407, 77
696, 526.1202321052551, 68
697, 526.8761519789696, 77
698, 527.632071852684, 76
699, 528.3879917263985, 72
700, 529.1439116001129, 66
701, 529.8998314738274, 75
702, 530.6557513475418, 65
703, 531.4116712212563, 57
704, 532.1675910949707, 49
705, 532.9235109686852, 50
706, 533.6794308423996, 68
707, 534.435350716114, 56
708, 535.1912705898285, 64
709, 535.9471904635429, 57
710, 536.7031103372574, 52
711, 537.4590302109718, 55
712, 538.2149500846863, 56
713, 538.9708699584007, 54
714, 539.7267898321152, 45
715, 540.4827097058296, 62
716, 541.2386295795441, 54
717, 541.9945494532585, 48
718, 542.750469326973, 51
719, 543.5063892006874, 45
720, 544.2623090744019, 51
721, 545.0182289481163, 48
722, 545.7741488218307, 63
723, 546.5300686955452, 46
724, 547.2859885692596, 41
725, 548.0419084429741, 41
726, 548.7978283166885, 49
727, 549.553748190403, 48
728, 550.3096680641174, 59
729, 551.0655879378319, 50
730, 551.8215078115463, 51
731, 552.5774276852608, 40
732, 553.3333475589752, 50
733, 554.0892674326897, 40
734, 554.8451873064041, 41
735, 555.6011071801186, 50
736, 556.357027053833, 44
737, 557.1129469275475, 50
738, 557.8688668012619, 45
739, 558.6247866749763, 54
740, 559.3807065486908, 46
741, 560.1366264224052, 52
742, 560.8925462961197, 44
743, 561.6484661698341, 56
744, 562.4043860435486, 41
745, 563.160305917263, 56
746, 563.9162257909775, 45
747, 564.6721456646919, 44
748, 565.4280655384064, 30
749, 566.1839854121208, 55
750, 566.9399052858353, 43
751, 567.6958251595497, 54
752, 568.4517450332642, 40
753, 569.2076649069786, 46
754, 569.963584780693, 42
755, 570.7195046544075, 47
756, 571.475424528122, 40
757, 572.2313444018364, 39
758, 572.9872642755508, 50
759, 573.7431841492653, 49
760, 574.4991040229797, 45
761, 575.2550238966942, 45
762, 576.0109437704086, 32
763, 576.7668636441231, 55
764, 577.5227835178375, 34
765, 578.278703391552, 29
766, 579.0346232652664, 33
767, 579.7905431389809, 46
768, 580.5464630126953, 40
769, 581.3023828864098, 40
770, 582.0583027601242, 37
771, 582.8142226338387, 33
772, 583.5701425075531, 44
773, 584.3260623812675, 30
774, 585.081982254982, 45
775, 585.8379021286964, 35
776, 586.5938220024109, 39
777, 587.3497418761253, 34
778, 588.1056617498398, 35
779, 588.8615816235542, 28
780, 589.6175014972687, 35
781, 590.3734213709831, 31
782, 591.1293412446976, 25
783, 591.885261118412, 26
784, 592.6411809921265, 30
785, 593.3971008658409, 22
786, 594.1530207395554, 27
787, 594.9089406132698, 28
788, 595.6648604869843, 35
789, 596.4207803606987, 13
790, 597.1767002344131, 27
791, 597.9326201081276, 25
792, 598.688539981842, 31
793, 599.4444598555565, 30
794, 600.2003797292709, 23
795, 600.9562996029854, 27
796, 601.7122194766998, 26
797, 602.4681393504143, 24
798, 603.2240592241287, 27
799, 603.9799790978432, 29
800, 604.7358989715576, 21
801, 605.4918188452721, 27
802, 606.2477387189865, 21
803, 607.003658592701, 20
804, 607.7595784664154, 18
805, 608.5154983401299, 18
806, 609.2714182138443, 20
807, 610.0273380875587, 22
808, 610.7832579612732, 19
809, 611.5391778349876, 9
810, 612.2950977087021, 20
811, 613.0510175824165, 14
812, 613.806937456131, 21
813, 614.5628573298454, 23
814, 615.3187772035599, 25
815, 616.0746970772743, 19
816, 616.8306169509888, 15
817, 617.5865368247032, 20
818, 618.3424566984177, 15
819, 619.0983765721321, 15
820, 619.8542964458466, 11
821, 620.610216319561, 13
822, 621.3661361932755, 16
823, 622.1220560669899, 14
824, 622.8779759407043, 14
825, 623.6338958144188, 12
826, 624.3898156881332, 13
827, 625.1457355618477, 10
828, 625.9016554355621, 13
829, 626.6575753092766, 17
830, 627.413495182991, 14
831, 628.1694150567055, 10
832, 628.9253349304199, 13
833, 629.6812548041344, 8
834, 630.4371746778488, 9
835, 631.1930945515633, 14
836, 631.9490144252777, 18
837, 632.7049342989922, 16
838, 633.4608541727066, 9
839, 634.216774046421, 14
840, 634.9726939201355, 9
841, 635.72861379385, 11
842, 636.4845336675644, 9
843, 637.2404535412788, 14
844, 637.9963734149933, 8
845, 638.7522932887077, 14
846, 639.5082131624222, 17
847, 640.2641330361366, 13
848, 641.0200529098511, 10
849, 641.7759727835655, 11
850, 642.53189265728, 13
851, 643.2878125309944, 9
852, 644.0437324047089, 13
853, 644.7996522784233, 11
854, 645.5555721521378, 10
855, 646.3114920258522, 9
856, 647.0674118995667, 7
857, 647.8233317732811, 7
858, 648.5792516469955, 14
859, 649.33517152071, 8
860, 650.0910913944244, 12
861, 650.8470112681389, 12
862, 651.6029311418533, 14
863, 652.3588510155678, 10
864, 653.1147708892822, 17
865, 653.8706907629967, 14
866, 654.6266106367111, 10
867, 655.3825305104256, 9
868, 656.13845038414, 11
869, 656.8943702578545, 9
870, 657.6502901315689, 9
871, 658.4062100052834, 15
872, 659.1621298789978, 13
873, 659.9180497527122, 14
874, 660.6739696264267, 12
875, 661.4298895001411, 12
876, 662.1858093738556, 13
877, 662.94172924757, 10
878, 663.6976491212845, 13
879, 664.4535689949989, 6
880, 665.2094888687134, 13
881, 665.9654087424278, 7
882, 666.7213286161423, 13
883, 667.4772484898567, 5
884, 668.2331683635712, 11
885, 668.9890882372856, 13
886, 669.7450081110001, 11
887, 670.5009279847145, 14
888, 671.256847858429, 10
889, 672.0127677321434, 6
890, 672.7686876058578, 10
891, 673.5246074795723, 10
892, 674.2805273532867, 13
893, 675.0364472270012, 13
894, 675.7923671007156, 14
895, 676.5482869744301, 17
896, 677.3042068481445, 15
897, 678.060126721859, 10
898, 678.8160465955734, 12
899, 679.5719664692879, 13
900, 680.3278863430023, 11
901, 681.0838062167168, 7
902, 681.8397260904312, 5
903, 682.5956459641457, 9
904, 683.3515658378601, 12
905, 684.1074857115746, 10
906, 684.863405585289, 8
907, 685.6193254590034, 8
908, 686.3752453327179, 9
909, 687.1311652064323, 13
910, 687.8870850801468, 11
911, 688.6430049538612, 9
912, 689.3989248275757, 7
913, 690.1548447012901, 10
914, 690.9107645750046, 8
915, 691.666684448719, 5
916, 692.4226043224335, 11
917, 693.1785241961479, 7
918, 693.9344440698624, 12
919, 694.6903639435768, 6
920, 695.4462838172913, 4
921, 696.2022036910057, 6
922, 696.9581235647202, 7
923, 697.7140434384346, 7
924, 698.469963312149, 18
925, 699.2258831858635, 5
926, 699.9818030595779, 7
927, 700.7377229332924, 15
928, 701.4936428070068, 6
929, 702.2495626807213, 7
930, 703.0054825544357, 11
931, 703.7614024281502, 8
932, 704.5173223018646, 12
933, 705.2732421755791, 11
934, 706.0291620492935, 8
935, 706.785081923008, 15
936, 707.5410017967224, 12
937, 708.2969216704369, 8
938, 709.0528415441513, 7
939, 709.8087614178658, 7
940, 710.5646812915802, 9
941, 711.3206011652946, 9
942, 712.0765210390091, 10
943, 712.8324409127235, 9
944, 713.588360786438, 14
945, 714.3442806601524, 6
946, 715.1002005338669, 5
947, 715.8561204075813, 8
948, 716.6120402812958, 5
949, 717.3679601550102, 5
950, 718.1238800287247, 3
951, 718.8797999024391, 5
952, 719.6357197761536, 8
953, 720.391639649868, 9
954, 721.1475595235825, 3
955, 721.9034793972969, 6
956, 722.6593992710114, 9
957, 723.4153191447258, 6
958, 724.1712390184402, 5
959, 724.9271588921547, 7
960, 725.6830787658691, 5
961, 726.4389986395836, 7
962, 727.194918513298, 5
963, 727.9508383870125, 5
964, 728.7067582607269, 5
965, 729.4626781344414, 8
966, 730.2185980081558, 8
967, 730.9745178818703, 8
968, 731.7304377555847, 8
969, 732.4863576292992, 7
970, 733.2422775030136, 5
971, 733.9981973767281, 2
972, 734.7541172504425, 4
973, 735.510037124157, 4
974, 736.2659569978714, 4
975, 737.0218768715858, 7
976, 737.7777967453003, 14
977, 738.5337166190147, 5
978, 739.2896364927292, 5
979, 740.0455563664436, 3
980, 740.8014762401581, 5
981, 741.5573961138725, 5
982, 742.313315987587, 5
983, 743.0692358613014, 4
984, 743.8251557350159, 6
985, 744.5810756087303, 4
986, 745.3369954824448, 9
987, 746.0929153561592, 8
988, 746.8488352298737, 5
989, 747.6047551035881, 6
990, 748.3606749773026, 5
991, 749.116594851017, 5
992, 749.8725147247314, 5
993, 750.6284345984459, 8
994, 751.3843544721603, 10
995, 752.1402743458748, 7
996, 752.8961942195892, 7
997, 753.6521140933037, 5
998, 754.4080339670181, 5
999, 755.1639538407326, 7
1000, 755.919873714447, 4
1001, 756.6757935881615, 4
1002, 757.4317134618759, 9
1003, 758.1876333355904, 4
1004, 758.9435532093048, 4
1005, 759.6994730830193, 2
1006, 760.4553929567337, 6
1007, 761.2113128304482, 7
1008, 761.9672327041626, 6
1009, 762.723152577877, 7
1010, 763.4790724515915, 6
1011, 764.2349923253059, 8
1012, 764.9909121990204, 6
1013, 765.7468320727348, 8
1014, 766.5027519464493, 7
1015, 767.2586718201637, 4
1016, 768.0145916938782, 4
1017, 768.7705115675926, 6
1018, 769.5264314413071, 3
1019, 770.2823513150215, 7
1020, 771.038271188736, 8
1021, 771.7941910624504, 9
1022, 772.5501109361649, 8
1023, 773.3060308098793, 4
1024, 774.0619506835938, 10
