Start Time, Mon Sep 4 05:56:00 GMT-0400 2006
Energy calibration,  Offset: 0, Slope: 0.755919873714447, Quadratic: 0
Live Time (s), 299.886885
Real Time (s), 300
Elapsed Computational, 0
Spectrum
Channel, Energy (keV), Counts
1, 0.755919873714447, 0
2, 1.511839747428894, 0
3, 2.267759621143341, 0
4, 3.023679494857788, 0
5, 3.779599368572235, 0
6, 4.535519242286682, 0
7, 5.291439116001129, 0
8, 6.047358989715576, 0
9, 6.803278863430023, 0
10, 7.55919873714447, 18
11, 8.315118610858917, 21
12, 9.071038484573364, 19
13, 9.826958358287811, 21
14, 10.582878232002258, 24
15, 11.338798105716705, 25
16, 12.094717979431152, 29
17, 12.8506378531456, 24
18, 13.606557726860046, 15
19, 14.362477600574493, 23
20, 15.11839747428894, 21
21, 15.874317348003387, 33
22, 16.630237221717834, 27
23, 17.38615709543228, 32
24, 18.14207696914673, 37
25, 18.897996842861176, 26
26, 19.653916716575623, 29
27, 20.40983659029007, 23
28, 21.165756464004517, 28
29, 21.921676337718964, 25
30, 22.67759621143341, 35
31, 23.433516085147858, 26
32, 24.189435958862305, 35
33, 24.94535583257675, 28
34, 25.7012757062912, 27
35, 26.457195580005646, 42
36, 27.213115453720093, 30
37, 27.96903532743454, 48
38, 28.724955201148987, 26
39, 29.480875074863434, 34
40, 30.23679494857788, 37
41, 30.992714822292328, 31
42, 31.748634696006775, 44
43, 32.50455456972122, 52
44, 33.26047444343567, 53
45, 34.016394317150116, 49
46, 34.77231419086456, 45
47, 35.52823406457901, 48
48, 36.28415393829346, 63
49, 37.040073812007904, 56
50, 37.79599368572235, 64
51, 38.5519135594368, 74
52, 39.307833433151245, 63
53, 40.06375330686569, 80
54, 40.81967318058014, 66
55, 41.575593054294586, 96
56, 42.33151292800903, 87
57, 43.08743280172348, 69
58, 43.84335267543793, 79
59, 44.599272549152374, 86
60, 45.35519242286682, 85
61, 46.11111229658127, 93
62, 46.867032170295715, 84
63, 47.62295204401016, 74
64, 48.37887191772461, 82
65, 49.134791791439056, 103
66, 49.8907116651535, 94
67, 50.64663153886795, 85
68, 51.4025514125824, 69
69, 52.158471286296844, 91
70, 52.91439116001129, 93
71, 53.67031103372574, 74
72, 54.426230907440186, 92
73, 55.18215078115463, 75
74, 55.93807065486908, 87
75, 56.69399052858353, 91
76, 57.449910402297974, 88
77, 58.20583027601242, 75
78, 58.96175014972687, 93
79, 59.717670023441315, 87
80, 60.47358989715576, 93
81, 61.22950977087021, 83
82, 61.985429644584656, 75
83, 62.7413495182991, 89
84, 63.49726939201355, 79
85, 64.253189265728, 84
86, 65.00910913944244, 79
87, 65.76502901315689, 92
88, 66.52094888687134, 81
89, 67.27686876058578, 82
90, 68.03278863430023, 100
91, 68.78870850801468, 77
92, 69.54462838172913, 84
93, 70.30054825544357, 91
94, 71.05646812915802, 76
95, 71.81238800287247, 85
96, 72.56830787658691, 71
97, 73.32422775030136, 73
98, 74.08014762401581, 66
99, 74.83606749773026, 68
100, 75.5919873714447, 78
101, 76.34790724515915, 70
102, 77.1038271188736, 80
103, 77.85974699258804, 65
104, 78.61566686630249, 69
105, 79.37158674001694, 78
106, 80.12750661373138, 65
107, 80.88342648744583, 70
108, 81.63934636116028, 69
109, 82.39526623487473, 64
110, 83.15118610858917, 72
111, 83.90710598230362, 72
112, 84.66302585601807, 56
113, 85.41894572973251, 66
114, 86.17486560344696, 75
115, 86.93078547716141, 67
116, 87.68670535087585, 60
117, 88.4426252245903, 74
118, 89.19854509830475, 60
119, 89.9544649720192, 69
120, 90.71038484573364, 46
121, 91.46630471944809, 61
122, 92.22222459316254, 55
123, 92.97814446687698, 65
124, 93.73406434059143, 60
125, 94.48998421430588, 57
126, 95.24590408802032, 62
127, 96.00182396173477, 48
128, 96.75774383544922, 54
129, 97.51366370916367, 52
130, 98.26958358287811, 56
131, 99.02550345659256, 50
132, 99.781423330307, 52
133, 100.53734320402145, 55
134, 101.2932630777359, 56
135, 102.04918295145035, 62
136, 102.8051028251648, 60
137, 103.56102269887924, 66
138, 104.31694257259369, 52
139, 105.07286244630814, 50
140, 105.82878232002258, 45
141, 106.58470219373703, 56
142, 107.34062206745148, 38
143, 108.09654194116592, 41
144, 108.85246181488037, 58
145, 109.60838168859482, 47
146, 110.36430156230927, 61
147, 111.12022143602371, 45
148, 111.87614130973816, 58
149, 112.6320611834526, 49
150, 113.38798105716705, 56
151, 114.1439009308815, 47
152, 114.89982080459595, 52
153, 115.6557406783104, 38
154, 116.41166055202484, 57
155, 117.16758042573929, 43
156, 117.92350029945374, 44
157, 118.67942017316818, 48
158, 119.43534004688263, 42
159, 120.19125992059708, 53
160, 120.94717979431152, 52
161, 121.70309966802597, 37
162, 122.45901954174042, 43
163, 123.21493941545486, 41
164, 123.97085928916931, 34
165, 124.72677916288376, 50
166, 125.4826990365982, 45
167, 126.23861891031265, 38
168, 126.9945387840271, 40
169, 127.75045865774155, 44
170, 128.506378531456, 41
171, 129.26229840517044, 42
172, 130.0182182788849, 35
173, 130.77413815259933, 35
174, 131.53005802631378, 38
175, 132.28597790002823, 41
176, 133.04189777374268, 32
177, 133.79781764745712, 40
178, 134.55373752117157, 37
179, 135.30965739488602, 36
180, 136.06557726860046, 36
181, 136.8214971423149, 40
182, 137.57741701602936, 29
183, 138.3333368897438, 25
184, 139.08925676345825, 40
185, 139.8451766371727, 35
186, 140.60109651088715, 32
187, 141.3570163846016, 35
188, 142.11293625831604, 28
189, 142.8688561320305, 29
190, 143.62477600574493, 49
191, 144.38069587945938, 33
192, 145.13661575317383, 25
193, 145.89253562688828, 31
194, 146.64845550060272, 32
195, 147.40437537431717, 35
196, 148.16029524803162, 39
197, 148.91621512174606, 28
198, 149.6721349954605, 30
199, 150.42805486917496, 32
200, 151.1839747428894, 39
201, 151.93989461660385, 28
202, 152.6958144903183, 31
203, 153.45173436403275, 33
204, 154.2076542377472, 29
205, 154.96357411146164, 30
206, 155.7194939851761, 35
207, 156.47541385889053, 32
208, 157.23133373260498, 25
209, 157.98725360631943, 23
210, 158.74317348003387, 43
211, 159.49909335374832, 26
212, 160.25501322746277, 30
213, 161.01093310117722, 32
214, 161.76685297489166, 24
215, 162.5227728486061, 28
216, 163.27869272232056, 22
217, 164.034612596035, 24
218, 164.79053246974945, 23
219, 165.5464523434639, 29
220, 166.30237221717834, 23
221, 167.0582920908928, 20
222, 167.81421196460724, 26
223, 168.5701318383217, 23
224, 169.32605171203613, 29
225, 170.08197158575058, 26
226, 170.83789145946503, 19
227, 171.59381133317947, 20
228, 172.34973120689392, 19
229, 173.10565108060837, 17
230, 173.86157095432281, 21
231, 174.61749082803726, 25
232, 175.3734107017517, 16
233, 176.12933057546616, 21
234, 176.8852504491806, 26
235, 177.64117032289505, 13
236, 178.3970901966095, 21
237, 179.15301007032394, 21
238, 179.9089299440384, 16
239, 180.66484981775284, 26
240, 181.42076969146729, 21
241, 182.17668956518173, 20
242, 182.93260943889618, 16
243, 183.68852931261063, 14
244, 184.44444918632507, 19
245, 185.20036906003952, 15
246, 185.95628893375397, 19
247, 186.71220880746841, 15
248, 187.46812868118286, 23
249, 188.2240485548973, 18
250, 188.97996842861176, 15
251, 189.7358883023262, 18
252, 190.49180817604065, 12
253, 191.2477280497551, 11
254, 192.00364792346954, 15
255, 192.759567797184, 17
256, 193.51548767089844, 15
257, 194.27140754461288, 9
258, 195.02732741832733, 13
259, 195.78324729204178, 20
260, 196.53916716575623, 17
261, 197.29508703947067, 10
262, 198.05100691318512, 17
263, 198.80692678689957, 20
264, 199.562846660614, 12
265, 200.31876653432846, 6
266, 201.0746864080429, 16
267, 201.83060628175735, 10
268, 202.5865261554718, 12
269, 203.34244602918625, 9
270, 204.0983659029007, 19
271, 204.85428577661514, 19
272, 205.6102056503296, 12
273, 206.36612552404404, 10
274, 207.12204539775848, 12
275, 207.87796527147293, 12
276, 208.63388514518738, 10
277, 209.38980501890182, 14
278, 210.14572489261627, 12
279, 210.90164476633072, 13
280, 211.65756464004517, 17
281, 212.4134845137596, 11
282, 213.16940438747406, 14
283, 213.9253242611885, 9
284, 214.68124413490295, 10
285, 215.4371640086174, 8
286, 216.19308388233185, 12
287, 216.9490037560463, 8
288, 217.70492362976074, 16
289, 218.4608435034752, 12
290, 219.21676337718964, 16
291, 219.97268325090408, 11
292, 220.72860312461853, 14
293, 221.48452299833298, 14
294, 222.24044287204742, 10
295, 222.99636274576187, 12
296, 223.75228261947632, 18
297, 224.50820249319077, 9
298, 225.2641223669052, 13
299, 226.02004224061966, 12
300, 226.7759621143341, 17
301, 227.53188198804855, 18
302, 228.287801861763, 14
303, 229.04372173547745, 22
304, 229.7996416091919, 20
305, 230.55556148290634, 20
306, 231.3114813566208, 22
307, 232.06740123033524, 18
308, 232.82332110404968, 16
309, 233.57924097776413, 29
310, 234.33516085147858, 30
311, 235.09108072519302, 37
312, 235.84700059890747, 31
313, 236.60292047262192, 43
314, 237.35884034633636, 38
315, 238.1147602200508, 39
316, 238.87068009376526, 45
317, 239.6265999674797, 50
318, 240.38251984119415, 54
319, 241.1384397149086, 44
320, 241.89435958862305, 67
321, 242.6502794623375, 67
322, 243.40619933605194, 93
323, 244.1621192097664, 87
324, 244.91803908348083, 101
325, 245.67395895719528, 89
326, 246.42987883090973, 83
327, 247.18579870462418, 97
328, 247.94171857833862, 76
329, 248.69763845205307, 93
330, 249.45355832576752, 89
331, 250.20947819948196, 75
332, 250.9653980731964, 72
333, 251.72131794691086, 83
334, 252.4772378206253, 74
335, 253.23315769433975, 83
336, 253.9890775680542, 85
337, 254.74499744176865, 64
338, 255.5009173154831, 83
339, 256.25683718919754, 60
340, 257.012757062912, 50
341, 257.76867693662643, 70
342, 258.5245968103409, 51
343, 259.2805166840553, 46
344, 260.0364365577698, 41
345, 260.7923564314842, 44
346, 261.54827630519867, 23
347, 262.3041961789131, 26
348, 263.06011605262756, 23
349, 263.816035926342, 20
350, 264.57195580005646, 34
351, 265.3278756737709, 18
352, 266.08379554748535, 16
353, 266.8397154211998, 12
354, 267.59563529491425, 7
355, 268.3515551686287, 14
356, 269.10747504234314, 10
357, 269.8633949160576, 11
358, 270.61931478977203, 8
359, 271.3752346634865, 10
360, 272.1311545372009, 7
361, 272.8870744109154, 14
362, 273.6429942846298, 5
363, 274.39891415834427, 6
364, 275.1548340320587, 8
365, 275.91075390577316, 4
366, 276.6666737794876, 8
367, 277.42259365320206, 7
368, 278.1785135269165, 9
369, 278.93443340063095, 4
370, 279.6903532743454, 14
371, 280.44627314805984, 6
372, 281.2021930217743, 6
373, 281.95811289548874, 9
374, 282.7140327692032, 7
375, 283.46995264291763, 8
376, 284.2258725166321, 10
377, 284.9817923903465, 7
378, 285.737712264061, 15
379, 286.4936321377754, 8
380, 287.24955201148987, 9
381, 288.0054718852043, 13
382, 288.76139175891876, 3
383, 289.5173116326332, 10
384, 290.27323150634766, 14
385, 291.0291513800621, 11
386, 291.78507125377655, 13
387, 292.540991127491, 11
388, 293.29691100120544, 13
389, 294.0528308749199, 8
390, 294.80875074863434, 6
391, 295.5646706223488, 8
392, 296.32059049606323, 14
393, 297.0765103697777, 9
394, 297.8324302434921, 14
395, 298.5883501172066, 10
396, 299.344269990921, 8
397, 300.10018986463547, 9
398, 300.8561097383499, 8
399, 301.61202961206436, 5
400, 302.3679494857788, 10
401, 303.12386935949326, 13
402, 303.8797892332077, 8
403, 304.63570910692215, 8
404, 305.3916289806366, 6
405, 306.14754885435104, 5
406, 306.9034687280655, 1
407, 307.65938860177994, 5
408, 308.4153084754944, 9
409, 309.17122834920883, 4
410, 309.9271482229233, 9
411, 310.6830680966377, 8
412, 311.4389879703522, 9
413, 312.1949078440666, 3
414, 312.95082771778107, 7
415, 313.7067475914955, 5
416, 314.46266746520996, 4
417, 315.2185873389244, 6
418, 315.97450721263885, 8
419, 316.7304270863533, 7
420, 317.48634696006775, 6
421, 318.2422668337822, 11
422, 318.99818670749664, 8
423, 319.7541065812111, 4
424, 320.51002645492554, 7
425, 321.26594632864, 7
426, 322.02186620235443, 8
427, 322.7777860760689, 8
428, 323.5337059497833, 12
429, 324.2896258234978, 7
430, 325.0455456972122, 9
431, 325.80146557092667, 8
432, 326.5573854446411, 5
433, 327.31330531835556, 10
434, 328.06922519207, 3
435, 328.82514506578445, 4
436, 329.5810649394989, 9
437, 330.33698481321335, 16
438, 331.0929046869278, 6
439, 331.84882456064224, 3
440, 332.6047444343567, 8
441, 333.36066430807114, 3
442, 334.1165841817856, 8
443, 334.87250405550003, 7
444, 335.6284239292145, 10
445, 336.3843438029289, 5
446, 337.1402636766434, 10
447, 337.8961835503578, 9
448, 338.65210342407227, 6
449, 339.4080232977867, 3
450, 340.16394317150116, 8
451, 340.9198630452156, 3
452, 341.67578291893005, 5
453, 342.4317027926445, 13
454, 343.18762266635895, 7
455, 343.9435425400734, 6
456, 344.69946241378784, 11
457, 345.4553822875023, 7
458, 346.21130216121674, 12
459, 346.9672220349312, 4
460, 347.72314190864563, 3
461, 348.4790617823601, 9
462, 349.2349816560745, 9
463, 349.99090152978897, 3
464, 350.7468214035034, 5
465, 351.50274127721786, 9
466, 352.2586611509323, 6
467, 353.01458102464676, 8
468, 353.7705008983612, 5
469, 354.52642077207565, 14
470, 355.2823406457901, 4
471, 356.03826051950455, 6
472, 356.794180393219, 9
473, 357.55010026693344, 7
474, 358.3060201406479, 7
475, 359.06194001436234, 5
476, 359.8178598880768, 6
477, 360.57377976179123, 6
478, 361.3296996355057, 2
479, 362.0856195092201, 8
480, 362.84153938293457, 7
481, 363.597459256649, 5
482, 364.35337913036346, 4
483, 365.1092990040779, 6
484, 365.86521887779236, 5
485, 366.6211387515068, 7
486, 367.37705862522125, 10
487, 368.1329784989357, 6
488, 368.88889837265015, 1
489, 369.6448182463646, 5
490, 370.40073812007904, 10
491, 371.1566579937935, 7
492, 371.91257786750793, 10
493, 372.6684977412224, 7
494, 373.42441761493683, 2
495, 374.1803374886513, 6
496, 374.9362573623657, 6
497, 375.69217723608017, 4
498, 376.4480971097946, 4
499, 377.20401698350906, 3
500, 377.9599368572235, 6
501, 378.71585673093796, 4
502, 379.4717766046524, 6
503, 380.22769647836685, 6
504, 380.9836163520813, 0
505, 381.73953622579575, 8
506, 382.4954560995102, 10
507, 383.25137597322464, 7
508, 384.0072958469391, 5
509, 384.76321572065353, 8
510, 385.519135594368, 5
511, 386.2750554680824, 9
512, 387.0309753417969, 5
513, 387.7868952155113, 5
514, 388.54281508922577, 11
515, 389.2987349629402, 13
516, 390.05465483665466, 8
517, 390.8105747103691, 6
518, 391.56649458408356, 7
519, 392.322414457798, 6
520, 393.07833433151245, 5
521, 393.8342542052269, 7
522, 394.59017407894135, 4
523, 395.3460939526558, 5
524, 396.10201382637024, 3
525, 396.8579337000847, 3
526, 397.61385357379913, 7
527, 398.3697734475136, 4
528, 399.125693321228, 7
529, 399.8816131949425, 7
530, 400.6375330686569, 2
531, 401.39345294237137, 5
532, 402.1493728160858, 3
533, 402.90529268980026, 4
534, 403.6612125635147, 4
535, 404.41713243722916, 5
536, 405.1730523109436, 6
537, 405.92897218465805, 5
538, 406.6848920583725, 4
539, 407.44081193208694, 6
540, 408.1967318058014, 5
541, 408.95265167951584, 7
542, 409.7085715532303, 6
543, 410.46449142694473, 7
544, 411.2204113006592, 6
545, 411.9763311743736, 7
546, 412.7322510480881, 4
547, 413.4881709218025, 3
548, 414.24409079551697, 3
549, 415.0000106692314, 6
550, 415.75593054294586, 3
551, 416.5118504166603, 6
552, 417.26777029037476, 6
553, 418.0236901640892, 8
554, 418.77961003780365, 6
555, 419.5355299115181, 9
556, 420.29144978523254, 2
557, 421.047369658947, 1
558, 421.80328953266144, 8
559, 422.5592094063759, 6
560, 423.31512928009033, 2
561, 424.0710491538048, 6
562, 424.8269690275192, 6
563, 425.5828889012337, 5
564, 426.3388087749481, 4
565, 427.09472864866257, 8
566, 427.850648522377, 6
567, 428.60656839609146, 7
568, 429.3624882698059, 3
569, 430.11840814352036, 5
570, 430.8743280172348, 6
571, 431.63024789094925, 11
572, 432.3861677646637, 8
573, 433.14208763837814, 4
574, 433.8980075120926, 10
575, 434.65392738580704, 3
576, 435.4098472595215, 2
577, 436.16576713323593, 7
578, 436.9216870069504, 6
579, 437.6776068806648, 7
580, 438.4335267543793, 2
581, 439.1894466280937, 11
582, 439.94536650180817, 6
583, 440.7012863755226, 8
584, 441.45720624923706, 7
585, 442.2131261229515, 3
586, 442.96904599666595, 8
587, 443.7249658703804, 11
588, 444.48088574409485, 7
589, 445.2368056178093, 5
590, 445.99272549152374, 7
591, 446.7486453652382, 7
592, 447.50456523895264, 8
593, 448.2604851126671, 2
594, 449.01640498638153, 2
595, 449.772324860096, 4
596, 450.5282447338104, 9
597, 451.2841646075249, 2
598, 452.0400844812393, 4
599, 452.79600435495377, 7
600, 453.5519242286682, 6
601, 454.30784410238266, 5
602, 455.0637639760971, 6
603, 455.81968384981155, 5
604, 456.575603723526, 2
605, 457.33152359724045, 3
606, 458.0874434709549, 6
607, 458.84336334466934, 8
608, 459.5992832183838, 4
609, 460.35520309209824, 7
610, 461.1111229658127, 7
611, 461.86704283952713, 6
612, 462.6229627132416, 7
613, 463.378882586956, 1
614, 464.13480246067047, 3
615, 464.8907223343849, 7
616, 465.64664220809937, 5
617, 466.4025620818138, 6
618, 467.15848195552826, 7
619, 467.9144018292427, 5
620, 468.67032170295715, 5
621, 469.4262415766716, 5
622, 470.18216145038605, 5
623, 470.9380813241005, 4
624, 471.69400119781494, 6
625, 472.4499210715294, 8
626, 473.20584094524384, 7
627, 473.9617608189583, 3
628, 474.71768069267273, 8
629, 475.4736005663872, 5
630, 476.2295204401016, 5
631, 476.98544031381607, 8
632, 477.7413601875305, 6
633, 478.49728006124496, 3
634, 479.2531999349594, 10
635, 480.00911980867386, 7
636, 480.7650396823883, 6
637, 481.52095955610275, 5
638, 482.2768794298172, 3
639, 483.03279930353165, 7
640, 483.7887191772461, 6
641, 484.54463905096054, 6
642, 485.300558924675, 4
643, 486.05647879838943, 3
644, 486.8123986721039, 5
645, 487.56831854581833, 2
646, 488.3242384195328, 4
647, 489.0801582932472, 9
648, 489.83607816696167, 3
649, 490.5919980406761, 2
650, 491.34791791439056, 4
651, 492.103837788105, 3
652, 492.85975766181946, 3
653, 493.6156775355339, 3
654, 494.37159740924835, 4
655, 495.1275172829628, 1
656, 495.88343715667725, 6
657, 496.6393570303917, 1
658, 497.39527690410614, 3
659, 498.1511967778206, 1
660, 498.90711665153503, 7
661, 499.6630365252495, 4
662, 500.4189563989639, 7
663, 501.1748762726784, 5
664, 501.9307961463928, 3
665, 502.68671602010727, 4
666, 503.4426358938217, 7
667, 504.19855576753616, 0
668, 504.9544756412506, 4
669, 505.71039551496506, 4
670, 506.4663153886795, 3
671, 507.22223526239395, 2
672, 507.9781551361084, 4
673, 508.73407500982285, 2
674, 509.4899948835373, 4
675, 510.24591475725174, 3
676, 511.0018346309662, 2
677, 511.75775450468063, 1
678, 512.5136743783951, 5
679, 513.2695942521095, 3
680, 514.025514125824, 3
681, 514.7814339995384, 1
682, 515.5373538732529, 3
683, 516.2932737469673, 1
684, 517.0491936206818, 3
685, 517.8051134943962, 6
686, 518.5610333681107, 8
687, 519.3169532418251, 2
688, 520.0728731155396, 7
689, 520.828792989254, 3
690, 521.5847128629684, 2
691, 522.3406327366829, 4
692, 523.0965526103973, 2
693, 523.8524724841118, 1
694, 524.6083923578262, 3
695, 525.3643122315407, 0
696, 526.1202321052551, 6
697, 526.8761519789696, 5
698, 527.632071852684, 3
699, 528.3879917263985, 4
700, 529.1439116001129, 5
701, 529.8998314738274, 1
702, 530.6557513475418, 5
703, 531.4116712212563, 2
704, 532.1675910949707, 3
705, 532.9235109686852, 5
706, 533.6794308423996, 2
707, 534.435350716114, 4
708, 535.1912705898285, 2
709, 535.9471904635429, 1
710, 536.7031103372574, 3
711, 537.4590302109718, 3
712, 538.2149500846863, 1
713, 538.9708699584007, 2
714, 539.7267898321152, 3
715, 540.4827097058296, 4
716, 541.2386295795441, 2
717, 541.9945494532585, 1
718, 542.750469326973, 5
719, 543.5063892006874, 1
720, 544.2623090744019, 2
721, 545.0182289481163, 4
722, 545.7741488218307, 2
723, 546.5300686955452, 5
724, 547.2859885692596, 3
725, 548.0419084429741, 2
726, 548.7978283166885, 2
727, 549.553748190403, 3
728, 550.3096680641174, 3
729, 551.0655879378319, 5
730, 551.8215078115463, 3
731, 552.5774276852608, 1
732, 553.3333475589752, 0
733, 554.0892674326897, 3
734, 554.8451873064041, 3
735, 555.6011071801186, 2
736, 556.357027053833, 1
737, 557.1129469275475, 4
738, 557.8688668012619, 5
739, 558.6247866749763, 0
740, 559.3807065486908, 0
741, 560.1366264224052, 2
742, 560.8925462961197, 0
743, 561.6484661698341, 4
744, 562.4043860435486, 6
745, 563.160305917263, 3
746, 563.9162257909775, 5
747, 564.6721456646919, 2
748, 565.4280655384064, 1
749, 566.1839854121208, 3
750, 566.9399052858353, 2
751, 567.6958251595497, 5
752, 568.4517450332642, 4
753, 569.2076649069786, 0
754, 569.963584780693, 2
755, 570.7195046544075, 5
756, 571.475424528122, 2
757, 572.2313444018364, 4
758, 572.9872642755508, 1
759, 573.7431841492653, 4
760, 574.4991040229797, 3
761, 575.2550238966942, 4
762, 576.0109437704086, 6
763, 576.7668636441231, 5
764, 577.5227835178375, 3
765, 578.278703391552, 5
766, 579.0346232652664, 7
767, 579.7905431389809, 6
768, 580.5464630126953, 7
769, 581.3023828864098, 5
770, 582.0583027601242, 1
771, 582.8142226338387, 4
772, 583.5701425075531, 12
773, 584.3260623812675, 9
774, 585.081982254982, 6
775, 585.8379021286964, 5
776, 586.5938220024109, 9
777, 587.3497418761253, 6
778, 588.1056617498398, 6
779, 588.8615816235542, 16
780, 589.6175014972687, 9
781, 590.3734213709831, 8
782, 591.1293412446976, 7
783, 591.885261118412, 11
784, 592.6411809921265, 7
785, 593.3971008658409, 9
786, 594.1530207395554, 8
787, 594.9089406132698, 15
788, 595.6648604869843, 13
789, 596.4207803606987, 9
790, 597.1767002344131, 14
791, 597.9326201081276, 9
792, 598.688539981842, 10
793, 599.4444598555565, 13
794, 600.2003797292709, 9
795, 600.9562996029854, 13
796, 601.7122194766998, 10
797, 602.4681393504143, 14
798, 603.2240592241287, 17
799, 603.9799790978432, 8
800, 604.7358989715576, 8
801, 605.4918188452721, 14
802, 606.2477387189865, 12
803, 607.003658592701, 8
804, 607.7595784664154, 9
805, 608.5154983401299, 11
806, 609.2714182138443, 12
807, 610.0273380875587, 10
808, 610.7832579612732, 10
809, 611.5391778349876, 14
810, 612.2950977087021, 12
811, 613.0510175824165, 11
812, 613.806937456131, 5
813, 614.5628573298454, 9
814, 615.3187772035599, 3
815, 616.0746970772743, 10
816, 616.8306169509888, 6
817, 617.5865368247032, 9
818, 618.3424566984177, 4
819, 619.0983765721321, 9
820, 619.8542964458466, 4
821, 620.610216319561, 6
822, 621.3661361932755, 6
823, 622.1220560669899, 9
824, 622.8779759407043, 6
825, 623.6338958144188, 5
826, 624.3898156881332, 4
827, 625.1457355618477, 1
828, 625.9016554355621, 6
829, 626.6575753092766, 4
830, 627.413495182991, 4
831, 628.1694150567055, 2
832, 628.9253349304199, 4
833, 629.6812548041344, 5
834, 630.4371746778488, 0
835, 631.1930945515633, 2
836, 631.9490144252777, 0
837, 632.7049342989922, 3
838, 633.4608541727066, 0
839, 634.216774046421, 0
840, 634.9726939201355, 1
841, 635.72861379385, 0
842, 636.4845336675644, 1
843, 637.2404535412788, 1
844, 637.9963734149933, 2
845, 638.7522932887077, 3
846, 639.5082131624222, 0
847, 640.2641330361366, 0
848, 641.0200529098511, 1
849, 641.7759727835655, 0
850, 642.53189265728, 1
851, 643.2878125309944, 2
852, 644.0437324047089, 4
853, 644.7996522784233, 2
854, 645.5555721521378, 2
855, 646.3114920258522, 1
856, 647.0674118995667, 0
857, 647.8233317732811, 2
858, 648.5792516469955, 2
859, 649.33517152071, 1
860, 650.0910913944244, 1
861, 650.8470112681389, 2
862, 651.6029311418533, 0
863, 652.3588510155678, 2
864, 653.1147708892822, 0
865, 653.8706907629967, 3
866, 654.6266106367111, 1
867, 655.3825305104256, 3
868, 656.13845038414, 2
869, 656.8943702578545, 2
870, 657.6502901315689, 1
871, 658.4062100052834, 4
872, 659.1621298789978, 1
873, 659.9180497527122, 0
874, 660.6739696264267, 1
875, 661.4298895001411, 4
876, 662.1858093738556, 1
877, 662.94172924757, 1
878, 663.6976491212845, 3
879, 664.4535689949989, 2
880, 665.2094888687134, 1
881, 665.9654087424278, 2
882, 666.7213286161423, 0
883, 667.4772484898567, 3
884, 668.2331683635712, 1
885, 668.9890882372856, 5
886, 669.7450081110001, 1
887, 670.5009279847145, 3
888, 671.256847858429, 4
889, 672.0127677321434, 3
890, 672.7686876058578, 4
891, 673.5246074795723, 3
892, 674.2805273532867, 5
893, 675.0364472270012, 5
894, 675.7923671007156, 4
895, 676.5482869744301, 7
896, 677.3042068481445, 4
897, 678.060126721859, 2
898, 678.8160465955734, 7
899, 679.5719664692879, 5
900, 680.3278863430023, 3
901, 681.0838062167168, 7
902, 681.8397260904312, 5
903, 682.5956459641457, 3
904, 683.3515658378601, 4
905, 684.1074857115746, 1
906, 684.863405585289, 2
907, 685.6193254590034, 5
908, 686.3752453327179, 5
909, 687.1311652064323, 3
910, 687.8870850801468, 6
911, 688.6430049538612, 6
912, 689.3989248275757, 9
913, 690.1548447012901, 3
914, 690.9107645750046, 3
915, 691.666684448719, 3
916, 692.4226043224335, 3
917, 693.1785241961479, 0
918, 693.9344440698624, 2
919, 694.6903639435768, 5
920, 695.4462838172913, 0
921, 696.2022036910057, 4
922, 696.9581235647202, 3
923, 697.7140434384346, 3
924, 698.469963312149, 3
925, 699.2258831858635, 2
926, 699.9818030595779, 2
927, 700.7377229332924, 1
928, 701.4936428070068, 3
929, 702.2495626807213, 4
930, 703.0054825544357, 1
931, 703.7614024281502, 2
932, 704.5173223018646, 1
933, 705.2732421755791, 3
934, 706.0291620492935, 2
935, 706.785081923008, 2
936, 707.5410017967224, 0
937, 708.2969216704369, 0
938, 709.0528415441513, 2
939, 709.8087614178658, 2
940, 710.5646812915802, 1
941, 711.3206011652946, 2
942, 712.0765210390091, 1
943, 712.8324409127235, 2
944, 713.588360786438, 2
945, 714.3442806601524, 0
946, 715.1002005338669, 1
947, 715.8561204075813, 1
948, 716.6120402812958, 0
949, 717.3679601550102, 1
950, 718.1238800287247, 0
951, 718.8797999024391, 0
952, 719.6357197761536, 0
953, 720.391639649868, 0
954, 721.1475595235825, 3
955, 721.9034793972969, 0
956, 722.6593992710114, 0
957, 723.4153191447258, 0
958, 724.1712390184402, 1
959, 724.9271588921547, 0
960, 725.6830787658691, 0
961, 726.4389986395836, 0
962, 727.194918513298, 0
963, 727.9508383870125, 3
964, 728.7067582607269, 1
965, 729.4626781344414, 0
966, 730.2185980081558, 2
967, 730.9745178818703, 1
968, 731.7304377555847, 1
969, 732.4863576292992, 1
970, 733.2422775030136, 1
971, 733.9981973767281, 1
972, 734.7541172504425, 0
973, 735.510037124157, 0
974, 736.2659569978714, 0
975, 737.0218768715858, 0
976, 737.7777967453003, 0
977, 738.5337166190147, 0
978, 739.2896364927292, 1
979, 740.0455563664436, 1
980, 740.8014762401581, 0
981, 741.5573961138725, 0
982, 742.313315987587, 1
983, 743.0692358613014, 0
984, 743.8251557350159, 0
985, 744.5810756087303, 0
986, 745.3369954824448, 0
987, 746.0929153561592, 1
988, 746.8488352298737, 0
989, 747.6047551035881, 0
990, 748.3606749773026, 1
991, 749.116594851017, 0
992, 749.8725147247314, 0
993, 750.6284345984459, 0
994, 751.3843544721603, 2
995, 752.1402743458748, 0
996, 752.8961942195892, 2
997, 753.6521140933037, 1
998, 754.4080339670181, 0
999, 755.1639538407326, 1
1000, 755.919873714447, 0
1001, 756.6757935881615, 0
1002, 757.4317134618759, 1
1003, 758.1876333355904, 3
1004, 758.9435532093048, 2
1005, 759.6994730830193, 0
1006, 760.4553929567337, 0
1007, 761.2113128304482, 2
1008, 761.9672327041626, 1
1009, 762.723152577877, 0
1010, 763.4790724515915, 0
1011, 764.2349923253059, 0
1012, 764.9909121990204, 0
1013, 765.7468320727348, 0
1014, 766.5027519464493, 0
1015, 767.2586718201637, 0
1016, 768.0145916938782, 0
1017, 768.7705115675926, 0
1018, 769.5264314413071, 0
1019, 770.2823513150215, 1
1020, 771.038271188736, 1
1021, 771.7941910624504, 1
1022, 772.5501109361649, 1
1023, 773.3060308098793, 1
1024, 774.0619506835938, 0
