Start Time, Mon Sep 4 04:45:21 GMT-0400 2006
Energy calibration,  Offset: 0, Slope: 0.755919873714447, Quadratic: 0
Live Time (s), 299.886897
Real Time (s), 300
Elapsed Computational, 0
Spectrum
Channel, Energy (keV), Counts
1, 0.755919873714447, 0
2, 1.511839747428894, 0
3, 2.267759621143341, 0
4, 3.023679494857788, 0
5, 3.779599368572235, 0
6, 4.535519242286682, 0
7, 5.291439116001129, 0
8, 6.047358989715576, 0
9, 6.803278863430023, 0
10, 7.55919873714447, 0
11, 8.315118610858917, 0
12, 9.071038484573364, 0
13, 9.826958358287811, 0
14, 10.582878232002258, 0
15, 11.338798105716705, 0
16, 12.094717979431152, 0
17, 12.8506378531456, 0
18, 13.606557726860046, 0
19, 14.362477600574493, 0
20, 15.11839747428894, 0
21, 15.874317348003387, 0
22, 16.630237221717834, 0
23, 17.38615709543228, 0
24, 18.14207696914673, 0
25, 18.897996842861176, 0
26, 19.653916716575623, 0
27, 20.40983659029007, 0
28, 21.165756464004517, 0
29, 21.921676337718964, 0
30, 22.67759621143341, 0
31, 23.433516085147858, 0
32, 24.189435958862305, 0
33, 24.94535583257675, 0
34, 25.7012757062912, 0
35, 26.457195580005646, 0
36, 27.213115453720093, 0
37, 27.96903532743454, 0
38, 28.724955201148987, 0
39, 29.480875074863434, 0
40, 30.23679494857788, 0
41, 30.992714822292328, 0
42, 31.748634696006775, 0
43, 32.50455456972122, 0
44, 33.26047444343567, 0
45, 34.016394317150116, 0
46, 34.77231419086456, 0
47, 35.52823406457901, 0
48, 36.28415393829346, 0
49, 37.040073812007904, 0
50, 37.79599368572235, 0
51, 38.5519135594368, 0
52, 39.307833433151245, 0
53, 40.06375330686569, 0
54, 40.81967318058014, 0
55, 41.575593054294586, 0
56, 42.33151292800903, 0
57, 43.08743280172348, 0
58, 43.84335267543793, 0
59, 44.599272549152374, 0
60, 45.35519242286682, 0
61, 46.11111229658127, 0
62, 46.867032170295715, 0
63, 47.62295204401016, 0
64, 48.37887191772461, 0
65, 49.134791791439056, 0
66, 49.8907116651535, 0
67, 50.64663153886795, 0
68, 51.4025514125824, 0
69, 52.158471286296844, 0
70, 52.91439116001129, 0
71, 53.67031103372574, 0
72, 54.426230907440186, 0
73, 55.18215078115463, 0
74, 55.93807065486908, 0
75, 56.69399052858353, 0
76, 57.449910402297974, 0
77, 58.20583027601242, 0
78, 58.96175014972687, 0
79, 59.717670023441315, 0
80, 60.47358989715576, 0
81, 61.22950977087021, 0
82, 61.985429644584656, 0
83, 62.7413495182991, 0
84, 63.49726939201355, 0
85, 64.253189265728, 0
86, 65.00910913944244, 0
87, 65.76502901315689, 0
88, 66.52094888687134, 0
89, 67.27686876058578, 0
90, 68.03278863430023, 0
91, 68.78870850801468, 0
92, 69.54462838172913, 0
93, 70.30054825544357, 0
94, 71.05646812915802, 0
95, 71.81238800287247, 0
96, 72.56830787658691, 0
97, 73.32422775030136, 0
98, 74.08014762401581, 0
99, 74.83606749773026, 0
100, 75.5919873714447, 0
101, 76.34790724515915, 0
102, 77.1038271188736, 0
103, 77.85974699258804, 0
104, 78.61566686630249, 0
105, 79.37158674001694, 0
106, 80.12750661373138, 0
107, 80.88342648744583, 0
108, 81.63934636116028, 0
109, 82.39526623487473, 0
110, 83.15118610858917, 0
111, 83.90710598230362, 0
112, 84.66302585601807, 0
113, 85.41894572973251, 0
114, 86.17486560344696, 0
115, 86.93078547716141, 0
116, 87.68670535087585, 0
117, 88.4426252245903, 0
118, 89.19854509830475, 0
119, 89.9544649720192, 0
120, 90.71038484573364, 0
121, 91.46630471944809, 0
122, 92.22222459316254, 1
123, 92.97814446687698, 0
124, 93.73406434059143, 0
125, 94.48998421430588, 0
126, 95.24590408802032, 0
127, 96.00182396173477, 0
128, 96.75774383544922, 0
129, 97.51366370916367, 0
130, 98.26958358287811, 0
131, 99.02550345659256, 0
132, 99.781423330307, 0
133, 100.53734320402145, 0
134, 101.2932630777359, 0
135, 102.04918295145035, 0
136, 102.8051028251648, 0
137, 103.56102269887924, 0
138, 104.31694257259369, 0
139, 105.07286244630814, 0
140, 105.82878232002258, 0
141, 106.58470219373703, 0
142, 107.34062206745148, 0
143, 108.09654194116592, 0
144, 108.85246181488037, 0
145, 109.60838168859482, 0
146, 110.36430156230927, 0
147, 111.12022143602371, 0
148, 111.87614130973816, 0
149, 112.6320611834526, 0
150, 113.38798105716705, 0
151, 114.1439009308815, 0
152, 114.89982080459595, 0
153, 115.6557406783104, 0
154, 116.41166055202484, 0
155, 117.16758042573929, 0
156, 117.92350029945374, 0
157, 118.67942017316818, 0
158, 119.43534004688263, 0
159, 120.19125992059708, 0
160, 120.94717979431152, 0
161, 121.70309966802597, 0
162, 122.45901954174042, 0
163, 123.21493941545486, 0
164, 123.97085928916931, 0
165, 124.72677916288376, 0
166, 125.4826990365982, 0
167, 126.23861891031265, 0
168, 126.9945387840271, 0
169, 127.75045865774155, 0
170, 128.506378531456, 0
171, 129.26229840517044, 0
172, 130.0182182788849, 0
173, 130.77413815259933, 0
174, 131.53005802631378, 0
175, 132.28597790002823, 0
176, 133.04189777374268, 0
177, 133.79781764745712, 0
178, 134.55373752117157, 0
179, 135.30965739488602, 0
180, 136.06557726860046, 0
181, 136.8214971423149, 0
182, 137.57741701602936, 0
183, 138.3333368897438, 0
184, 139.08925676345825, 0
185, 139.8451766371727, 0
186, 140.60109651088715, 0
187, 141.3570163846016, 0
188, 142.11293625831604, 0
189, 142.8688561320305, 0
190, 143.62477600574493, 0
191, 144.38069587945938, 0
192, 145.13661575317383, 0
193, 145.89253562688828, 0
194, 146.64845550060272, 0
195, 147.40437537431717, 0
196, 148.16029524803162, 0
197, 148.91621512174606, 0
198, 149.6721349954605, 0
199, 150.42805486917496, 0
200, 151.1839747428894, 0
201, 151.93989461660385, 0
202, 152.6958144903183, 0
203, 153.45173436403275, 0
204, 154.2076542377472, 0
205, 154.96357411146164, 0
206, 155.7194939851761, 0
207, 156.47541385889053, 0
208, 157.23133373260498, 0
209, 157.98725360631943, 0
210, 158.74317348003387, 0
211, 159.49909335374832, 0
212, 160.25501322746277, 0
213, 161.01093310117722, 0
214, 161.76685297489166, 0
215, 162.5227728486061, 0
216, 163.27869272232056, 0
217, 164.034612596035, 0
218, 164.79053246974945, 0
219, 165.5464523434639, 0
220, 166.30237221717834, 0
221, 167.0582920908928, 0
222, 167.81421196460724, 0
223, 168.5701318383217, 0
224, 169.32605171203613, 0
225, 170.08197158575058, 0
226, 170.83789145946503, 0
227, 171.59381133317947, 0
228, 172.34973120689392, 0
229, 173.10565108060837, 0
230, 173.86157095432281, 0
231, 174.61749082803726, 0
232, 175.3734107017517, 0
233, 176.12933057546616, 0
234, 176.8852504491806, 0
235, 177.64117032289505, 0
236, 178.3970901966095, 0
237, 179.15301007032394, 0
238, 179.9089299440384, 0
239, 180.66484981775284, 0
240, 181.42076969146729, 0
241, 182.17668956518173, 0
242, 182.93260943889618, 0
243, 183.68852931261063, 0
244, 184.44444918632507, 0
245, 185.20036906003952, 0
246, 185.95628893375397, 0
247, 186.71220880746841, 0
248, 187.46812868118286, 0
249, 188.2240485548973, 0
250, 188.97996842861176, 0
251, 189.7358883023262, 0
252, 190.49180817604065, 0
253, 191.2477280497551, 0
254, 192.00364792346954, 0
255, 192.759567797184, 0
256, 193.51548767089844, 0
257, 194.27140754461288, 0
258, 195.02732741832733, 0
259, 195.78324729204178, 0
260, 196.53916716575623, 0
261, 197.29508703947067, 0
262, 198.05100691318512, 0
263, 198.80692678689957, 0
264, 199.562846660614, 0
265, 200.31876653432846, 0
266, 201.0746864080429, 0
267, 201.83060628175735, 0
268, 202.5865261554718, 0
269, 203.34244602918625, 0
270, 204.0983659029007, 0
271, 204.85428577661514, 0
272, 205.6102056503296, 0
273, 206.36612552404404, 0
274, 207.12204539775848, 0
275, 207.87796527147293, 0
276, 208.63388514518738, 0
277, 209.38980501890182, 0
278, 210.14572489261627, 0
279, 210.90164476633072, 0
280, 211.65756464004517, 0
281, 212.4134845137596, 0
282, 213.16940438747406, 0
283, 213.9253242611885, 0
284, 214.68124413490295, 0
285, 215.4371640086174, 0
286, 216.19308388233185, 0
287, 216.9490037560463, 0
288, 217.70492362976074, 0
289, 218.4608435034752, 0
290, 219.21676337718964, 0
291, 219.97268325090408, 0
292, 220.72860312461853, 0
293, 221.48452299833298, 0
294, 222.24044287204742, 0
295, 222.99636274576187, 0
296, 223.75228261947632, 0
297, 224.50820249319077, 0
298, 225.2641223669052, 0
299, 226.02004224061966, 0
300, 226.7759621143341, 0
301, 227.53188198804855, 0
302, 228.287801861763, 0
303, 229.04372173547745, 0
304, 229.7996416091919, 0
305, 230.55556148290634, 0
306, 231.3114813566208, 0
307, 232.06740123033524, 0
308, 232.82332110404968, 0
309, 233.57924097776413, 0
310, 234.33516085147858, 0
311, 235.09108072519302, 0
312, 235.84700059890747, 0
313, 236.60292047262192, 0
314, 237.35884034633636, 0
315, 238.1147602200508, 0
316, 238.87068009376526, 0
317, 239.6265999674797, 1
318, 240.38251984119415, 0
319, 241.1384397149086, 0
320, 241.89435958862305, 0
321, 242.6502794623375, 0
322, 243.40619933605194, 0
323, 244.1621192097664, 0
324, 244.91803908348083, 0
325, 245.67395895719528, 0
326, 246.42987883090973, 0
327, 247.18579870462418, 0
328, 247.94171857833862, 0
329, 248.69763845205307, 0
330, 249.45355832576752, 0
331, 250.20947819948196, 0
332, 250.9653980731964, 0
333, 251.72131794691086, 0
334, 252.4772378206253, 0
335, 253.23315769433975, 0
336, 253.9890775680542, 0
337, 254.74499744176865, 0
338, 255.5009173154831, 0
339, 256.25683718919754, 0
340, 257.012757062912, 0
341, 257.76867693662643, 0
342, 258.5245968103409, 1
343, 259.2805166840553, 0
344, 260.0364365577698, 0
345, 260.7923564314842, 0
346, 261.54827630519867, 0
347, 262.3041961789131, 0
348, 263.06011605262756, 0
349, 263.816035926342, 0
350, 264.57195580005646, 0
351, 265.3278756737709, 0
352, 266.08379554748535, 0
353, 266.8397154211998, 0
354, 267.59563529491425, 0
355, 268.3515551686287, 0
356, 269.10747504234314, 0
357, 269.8633949160576, 0
358, 270.61931478977203, 0
359, 271.3752346634865, 0
360, 272.1311545372009, 0
361, 272.8870744109154, 0
362, 273.6429942846298, 0
363, 274.39891415834427, 0
364, 275.1548340320587, 0
365, 275.91075390577316, 0
366, 276.6666737794876, 0
367, 277.42259365320206, 0
368, 278.1785135269165, 0
369, 278.93443340063095, 0
370, 279.6903532743454, 0
371, 280.44627314805984, 0
372, 281.2021930217743, 0
373, 281.95811289548874, 0
374, 282.7140327692032, 0
375, 283.46995264291763, 0
376, 284.2258725166321, 0
377, 284.9817923903465, 0
378, 285.737712264061, 0
379, 286.4936321377754, 0
380, 287.24955201148987, 0
381, 288.0054718852043, 0
382, 288.76139175891876, 0
383, 289.5173116326332, 0
384, 290.27323150634766, 0
385, 291.0291513800621, 0
386, 291.78507125377655, 0
387, 292.540991127491, 0
388, 293.29691100120544, 0
389, 294.0528308749199, 0
390, 294.80875074863434, 0
391, 295.5646706223488, 0
392, 296.32059049606323, 0
393, 297.0765103697777, 0
394, 297.8324302434921, 0
395, 298.5883501172066, 0
396, 299.344269990921, 0
397, 300.10018986463547, 0
398, 300.8561097383499, 0
399, 301.61202961206436, 0
400, 302.3679494857788, 0
401, 303.12386935949326, 0
402, 303.8797892332077, 0
403, 304.63570910692215, 0
404, 305.3916289806366, 0
405, 306.14754885435104, 0
406, 306.9034687280655, 0
407, 307.65938860177994, 0
408, 308.4153084754944, 0
409, 309.17122834920883, 0
410, 309.9271482229233, 0
411, 310.6830680966377, 0
412, 311.4389879703522, 0
413, 312.1949078440666, 0
414, 312.95082771778107, 0
415, 313.7067475914955, 0
416, 314.46266746520996, 0
417, 315.2185873389244, 0
418, 315.97450721263885, 0
419, 316.7304270863533, 0
420, 317.48634696006775, 0
421, 318.2422668337822, 0
422, 318.99818670749664, 0
423, 319.7541065812111, 0
424, 320.51002645492554, 0
425, 321.26594632864, 0
426, 322.02186620235443, 0
427, 322.7777860760689, 0
428, 323.5337059497833, 0
429, 324.2896258234978, 0
430, 325.0455456972122, 0
431, 325.80146557092667, 0
432, 326.5573854446411, 0
433, 327.31330531835556, 0
434, 328.06922519207, 0
435, 328.82514506578445, 0
436, 329.5810649394989, 0
437, 330.33698481321335, 0
438, 331.0929046869278, 0
439, 331.84882456064224, 0
440, 332.6047444343567, 0
441, 333.36066430807114, 0
442, 334.1165841817856, 0
443, 334.87250405550003, 0
444, 335.6284239292145, 0
445, 336.3843438029289, 0
446, 337.1402636766434, 0
447, 337.8961835503578, 0
448, 338.65210342407227, 0
449, 339.4080232977867, 0
450, 340.16394317150116, 0
451, 340.9198630452156, 0
452, 341.67578291893005, 0
453, 342.4317027926445, 0
454, 343.18762266635895, 0
455, 343.9435425400734, 0
456, 344.69946241378784, 0
457, 345.4553822875023, 0
458, 346.21130216121674, 0
459, 346.9672220349312, 0
460, 347.72314190864563, 0
461, 348.4790617823601, 0
462, 349.2349816560745, 0
463, 349.99090152978897, 0
464, 350.7468214035034, 0
465, 351.50274127721786, 0
466, 352.2586611509323, 0
467, 353.01458102464676, 0
468, 353.7705008983612, 0
469, 354.52642077207565, 0
470, 355.2823406457901, 0
471, 356.03826051950455, 0
472, 356.794180393219, 0
473, 357.55010026693344, 0
474, 358.3060201406479, 0
475, 359.06194001436234, 0
476, 359.8178598880768, 0
477, 360.57377976179123, 0
478, 361.3296996355057, 0
479, 362.0856195092201, 0
480, 362.84153938293457, 0
481, 363.597459256649, 0
482, 364.35337913036346, 0
483, 365.1092990040779, 0
484, 365.86521887779236, 0
485, 366.6211387515068, 0
486, 367.37705862522125, 0
487, 368.1329784989357, 0
488, 368.88889837265015, 0
489, 369.6448182463646, 0
490, 370.40073812007904, 0
491, 371.1566579937935, 0
492, 371.91257786750793, 0
493, 372.6684977412224, 0
494, 373.42441761493683, 0
495, 374.1803374886513, 0
496, 374.9362573623657, 0
497, 375.69217723608017, 0
498, 376.4480971097946, 0
499, 377.20401698350906, 0
500, 377.9599368572235, 0
501, 378.71585673093796, 0
502, 379.4717766046524, 0
503, 380.22769647836685, 0
504, 380.9836163520813, 0
505, 381.73953622579575, 0
506, 382.4954560995102, 0
507, 383.25137597322464, 0
508, 384.0072958469391, 0
509, 384.76321572065353, 0
510, 385.519135594368, 0
511, 386.2750554680824, 0
512, 387.0309753417969, 0
513, 387.7868952155113, 0
514, 388.54281508922577, 0
515, 389.2987349629402, 0
516, 390.05465483665466, 0
517, 390.8105747103691, 0
518, 391.56649458408356, 0
519, 392.322414457798, 0
520, 393.07833433151245, 0
521, 393.8342542052269, 0
522, 394.59017407894135, 0
523, 395.3460939526558, 0
524, 396.10201382637024, 0
525, 396.8579337000847, 0
526, 397.61385357379913, 0
527, 398.3697734475136, 0
528, 399.125693321228, 0
529, 399.8816131949425, 0
530, 400.6375330686569, 0
531, 401.39345294237137, 0
532, 402.1493728160858, 0
533, 402.90529268980026, 0
534, 403.6612125635147, 0
535, 404.41713243722916, 0
536, 405.1730523109436, 0
537, 405.92897218465805, 0
538, 406.6848920583725, 0
539, 407.44081193208694, 0
540, 408.1967318058014, 0
541, 408.95265167951584, 0
542, 409.7085715532303, 0
543, 410.46449142694473, 0
544, 411.2204113006592, 0
545, 411.9763311743736, 0
546, 412.7322510480881, 0
547, 413.4881709218025, 0
548, 414.24409079551697, 0
549, 415.0000106692314, 0
550, 415.75593054294586, 0
551, 416.5118504166603, 0
552, 417.26777029037476, 0
553, 418.0236901640892, 0
554, 418.77961003780365, 0
555, 419.5355299115181, 0
556, 420.29144978523254, 0
557, 421.047369658947, 0
558, 421.80328953266144, 0
559, 422.5592094063759, 0
560, 423.31512928009033, 0
561, 424.0710491538048, 0
562, 424.8269690275192, 0
563, 425.5828889012337, 0
564, 426.3388087749481, 0
565, 427.09472864866257, 0
566, 427.850648522377, 0
567, 428.60656839609146, 1
568, 429.3624882698059, 0
569, 430.11840814352036, 0
570, 430.8743280172348, 0
571, 431.63024789094925, 0
572, 432.3861677646637, 0
573, 433.14208763837814, 0
574, 433.8980075120926, 0
575, 434.65392738580704, 0
576, 435.4098472595215, 0
577, 436.16576713323593, 0
578, 436.9216870069504, 0
579, 437.6776068806648, 0
580, 438.4335267543793, 0
581, 439.1894466280937, 0
582, 439.94536650180817, 0
583, 440.7012863755226, 0
584, 441.45720624923706, 0
585, 442.2131261229515, 0
586, 442.96904599666595, 0
587, 443.7249658703804, 0
588, 444.48088574409485, 0
589, 445.2368056178093, 0
590, 445.99272549152374, 0
591, 446.7486453652382, 0
592, 447.50456523895264, 0
593, 448.2604851126671, 0
594, 449.01640498638153, 0
595, 449.772324860096, 0
596, 450.5282447338104, 0
597, 451.2841646075249, 0
598, 452.0400844812393, 0
599, 452.79600435495377, 0
600, 453.5519242286682, 0
601, 454.30784410238266, 0
602, 455.0637639760971, 0
603, 455.81968384981155, 0
604, 456.575603723526, 0
605, 457.33152359724045, 0
606, 458.0874434709549, 0
607, 458.84336334466934, 0
608, 459.5992832183838, 0
609, 460.35520309209824, 0
610, 461.1111229658127, 0
611, 461.86704283952713, 0
612, 462.6229627132416, 0
613, 463.378882586956, 0
614, 464.13480246067047, 0
615, 464.8907223343849, 0
616, 465.64664220809937, 0
617, 466.4025620818138, 0
618, 467.15848195552826, 0
619, 467.9144018292427, 0
620, 468.67032170295715, 0
621, 469.4262415766716, 0
622, 470.18216145038605, 0
623, 470.9380813241005, 0
624, 471.69400119781494, 0
625, 472.4499210715294, 0
626, 473.20584094524384, 0
627, 473.9617608189583, 0
628, 474.71768069267273, 0
629, 475.4736005663872, 0
630, 476.2295204401016, 0
631, 476.98544031381607, 0
632, 477.7413601875305, 0
633, 478.49728006124496, 0
634, 479.2531999349594, 0
635, 480.00911980867386, 0
636, 480.7650396823883, 0
637, 481.52095955610275, 0
638, 482.2768794298172, 0
639, 483.03279930353165, 0
640, 483.7887191772461, 0
641, 484.54463905096054, 0
642, 485.300558924675, 0
643, 486.05647879838943, 0
644, 486.8123986721039, 0
645, 487.56831854581833, 0
646, 488.3242384195328, 0
647, 489.0801582932472, 0
648, 489.83607816696167, 0
649, 490.5919980406761, 0
650, 491.34791791439056, 0
651, 492.103837788105, 0
652, 492.85975766181946, 0
653, 493.6156775355339, 0
654, 494.37159740924835, 0
655, 495.1275172829628, 0
656, 495.88343715667725, 0
657, 496.6393570303917, 0
658, 497.39527690410614, 0
659, 498.1511967778206, 0
660, 498.90711665153503, 0
661, 499.6630365252495, 0
662, 500.4189563989639, 0
663, 501.1748762726784, 0
664, 501.9307961463928, 0
665, 502.68671602010727, 0
666, 503.4426358938217, 0
667, 504.19855576753616, 0
668, 504.9544756412506, 0
669, 505.71039551496506, 0
670, 506.4663153886795, 0
671, 507.22223526239395, 0
672, 507.9781551361084, 0
673, 508.73407500982285, 0
674, 509.4899948835373, 0
675, 510.24591475725174, 0
676, 511.0018346309662, 0
677, 511.75775450468063, 0
678, 512.5136743783951, 0
679, 513.2695942521095, 0
680, 514.025514125824, 1
681, 514.7814339995384, 0
682, 515.5373538732529, 0
683, 516.2932737469673, 0
684, 517.0491936206818, 0
685, 517.8051134943962, 0
686, 518.5610333681107, 0
687, 519.3169532418251, 0
688, 520.0728731155396, 0
689, 520.828792989254, 0
690, 521.5847128629684, 0
691, 522.3406327366829, 0
692, 523.0965526103973, 0
693, 523.8524724841118, 0
694, 524.6083923578262, 0
695, 525.3643122315407, 0
696, 526.1202321052551, 0
697, 526.8761519789696, 0
698, 527.632071852684, 0
699, 528.3879917263985, 0
700, 529.1439116001129, 0
701, 529.8998314738274, 0
702, 530.6557513475418, 0
703, 531.4116712212563, 0
704, 532.1675910949707, 0
705, 532.9235109686852, 0
706, 533.6794308423996, 0
707, 534.435350716114, 0
708, 535.1912705898285, 0
709, 535.9471904635429, 0
710, 536.7031103372574, 0
711, 537.4590302109718, 0
712, 538.2149500846863, 0
713, 538.9708699584007, 0
714, 539.7267898321152, 0
715, 540.4827097058296, 0
716, 541.2386295795441, 0
717, 541.9945494532585, 0
718, 542.750469326973, 0
719, 543.5063892006874, 0
720, 544.2623090744019, 0
721, 545.0182289481163, 0
722, 545.7741488218307, 0
723, 546.5300686955452, 0
724, 547.2859885692596, 0
725, 548.0419084429741, 0
726, 548.7978283166885, 0
727, 549.553748190403, 0
728, 550.3096680641174, 0
729, 551.0655879378319, 0
730, 551.8215078115463, 0
731, 552.5774276852608, 0
732, 553.3333475589752, 0
733, 554.0892674326897, 0
734, 554.8451873064041, 0
735, 555.6011071801186, 0
736, 556.357027053833, 0
737, 557.1129469275475, 0
738, 557.8688668012619, 0
739, 558.6247866749763, 0
740, 559.3807065486908, 0
741, 560.1366264224052, 0
742, 560.8925462961197, 0
743, 561.6484661698341, 0
744, 562.4043860435486, 0
745, 563.160305917263, 0
746, 563.9162257909775, 0
747, 564.6721456646919, 0
748, 565.4280655384064, 0
749, 566.1839854121208, 0
750, 566.9399052858353, 0
751, 567.6958251595497, 0
752, 568.4517450332642, 0
753, 569.2076649069786, 0
754, 569.963584780693, 0
755, 570.7195046544075, 0
756, 571.475424528122, 0
757, 572.2313444018364, 0
758, 572.9872642755508, 0
759, 573.7431841492653, 0
760, 574.4991040229797, 0
761, 575.2550238966942, 0
762, 576.0109437704086, 0
763, 576.7668636441231, 0
764, 577.5227835178375, 0
765, 578.278703391552, 0
766, 579.0346232652664, 0
767, 579.7905431389809, 0
768, 580.5464630126953, 0
769, 581.3023828864098, 0
770, 582.0583027601242, 0
771, 582.8142226338387, 0
772, 583.5701425075531, 0
773, 584.3260623812675, 0
774, 585.081982254982, 0
775, 585.8379021286964, 0
776, 586.5938220024109, 0
777, 587.3497418761253, 0
778, 588.1056617498398, 0
779, 588.8615816235542, 1
780, 589.6175014972687, 0
781, 590.3734213709831, 0
782, 591.1293412446976, 0
783, 591.885261118412, 0
784, 592.6411809921265, 0
785, 593.3971008658409, 0
786, 594.1530207395554, 0
787, 594.9089406132698, 0
788, 595.6648604869843, 0
789, 596.4207803606987, 0
790, 597.1767002344131, 0
791, 597.9326201081276, 0
792, 598.688539981842, 0
793, 599.4444598555565, 0
794, 600.2003797292709, 0
795, 600.9562996029854, 0
796, 601.7122194766998, 0
797, 602.4681393504143, 0
798, 603.2240592241287, 0
799, 603.9799790978432, 0
800, 604.7358989715576, 0
801, 605.4918188452721, 0
802, 606.2477387189865, 0
803, 607.003658592701, 0
804, 607.7595784664154, 0
805, 608.5154983401299, 0
806, 609.2714182138443, 0
807, 610.0273380875587, 0
808, 610.7832579612732, 0
809, 611.5391778349876, 0
810, 612.2950977087021, 0
811, 613.0510175824165, 0
812, 613.806937456131, 0
813, 614.5628573298454, 0
814, 615.3187772035599, 0
815, 616.0746970772743, 0
816, 616.8306169509888, 0
817, 617.5865368247032, 0
818, 618.3424566984177, 0
819, 619.0983765721321, 0
820, 619.8542964458466, 0
821, 620.610216319561, 0
822, 621.3661361932755, 0
823, 622.1220560669899, 0
824, 622.8779759407043, 0
825, 623.6338958144188, 0
826, 624.3898156881332, 0
827, 625.1457355618477, 0
828, 625.9016554355621, 0
829, 626.6575753092766, 0
830, 627.413495182991, 0
831, 628.1694150567055, 0
832, 628.9253349304199, 0
833, 629.6812548041344, 0
834, 630.4371746778488, 0
835, 631.1930945515633, 0
836, 631.9490144252777, 0
837, 632.7049342989922, 0
838, 633.4608541727066, 0
839, 634.216774046421, 0
840, 634.9726939201355, 0
841, 635.72861379385, 0
842, 636.4845336675644, 0
843, 637.2404535412788, 0
844, 637.9963734149933, 0
845, 638.7522932887077, 0
846, 639.5082131624222, 0
847, 640.2641330361366, 0
848, 641.0200529098511, 0
849, 641.7759727835655, 0
850, 642.53189265728, 0
851, 643.2878125309944, 0
852, 644.0437324047089, 0
853, 644.7996522784233, 0
854, 645.5555721521378, 0
855, 646.3114920258522, 0
856, 647.0674118995667, 0
857, 647.8233317732811, 0
858, 648.5792516469955, 0
859, 649.33517152071, 0
860, 650.0910913944244, 0
861, 650.8470112681389, 0
862, 651.6029311418533, 0
863, 652.3588510155678, 0
864, 653.1147708892822, 0
865, 653.8706907629967, 0
866, 654.6266106367111, 0
867, 655.3825305104256, 0
868, 656.13845038414, 0
869, 656.8943702578545, 0
870, 657.6502901315689, 0
871, 658.4062100052834, 0
872, 659.1621298789978, 0
873, 659.9180497527122, 0
874, 660.6739696264267, 0
875, 661.4298895001411, 0
876, 662.1858093738556, 0
877, 662.94172924757, 0
878, 663.6976491212845, 0
879, 664.4535689949989, 0
880, 665.2094888687134, 0
881, 665.9654087424278, 0
882, 666.7213286161423, 0
883, 667.4772484898567, 0
884, 668.2331683635712, 0
885, 668.9890882372856, 0
886, 669.7450081110001, 0
887, 670.5009279847145, 0
888, 671.256847858429, 0
889, 672.0127677321434, 0
890, 672.7686876058578, 0
891, 673.5246074795723, 0
892, 674.2805273532867, 0
893, 675.0364472270012, 0
894, 675.7923671007156, 0
895, 676.5482869744301, 0
896, 677.3042068481445, 0
897, 678.060126721859, 0
898, 678.8160465955734, 0
899, 679.5719664692879, 0
900, 680.3278863430023, 0
901, 681.0838062167168, 0
902, 681.8397260904312, 0
903, 682.5956459641457, 0
904, 683.3515658378601, 0
905, 684.1074857115746, 0
906, 684.863405585289, 0
907, 685.6193254590034, 0
908, 686.3752453327179, 0
909, 687.1311652064323, 0
910, 687.8870850801468, 0
911, 688.6430049538612, 0
912, 689.3989248275757, 0
913, 690.1548447012901, 0
914, 690.9107645750046, 0
915, 691.666684448719, 0
916, 692.4226043224335, 0
917, 693.1785241961479, 0
918, 693.9344440698624, 0
919, 694.6903639435768, 0
920, 695.4462838172913, 0
921, 696.2022036910057, 0
922, 696.9581235647202, 0
923, 697.7140434384346, 0
924, 698.469963312149, 0
925, 699.2258831858635, 0
926, 699.9818030595779, 0
927, 700.7377229332924, 0
928, 701.4936428070068, 0
929, 702.2495626807213, 0
930, 703.0054825544357, 0
931, 703.7614024281502, 0
932, 704.5173223018646, 0
933, 705.2732421755791, 0
934, 706.0291620492935, 0
935, 706.785081923008, 0
936, 707.5410017967224, 0
937, 708.2969216704369, 0
938, 709.0528415441513, 0
939, 709.8087614178658, 0
940, 710.5646812915802, 0
941, 711.3206011652946, 0
942, 712.0765210390091, 0
943, 712.8324409127235, 0
944, 713.588360786438, 0
945, 714.3442806601524, 0
946, 715.1002005338669, 0
947, 715.8561204075813, 0
948, 716.6120402812958, 0
949, 717.3679601550102, 0
950, 718.1238800287247, 0
951, 718.8797999024391, 0
952, 719.6357197761536, 0
953, 720.391639649868, 0
954, 721.1475595235825, 0
955, 721.9034793972969, 0
956, 722.6593992710114, 0
957, 723.4153191447258, 0
958, 724.1712390184402, 0
959, 724.9271588921547, 0
960, 725.6830787658691, 0
961, 726.4389986395836, 0
962, 727.194918513298, 0
963, 727.9508383870125, 0
964, 728.7067582607269, 0
965, 729.4626781344414, 0
966, 730.2185980081558, 0
967, 730.9745178818703, 0
968, 731.7304377555847, 0
969, 732.4863576292992, 0
970, 733.2422775030136, 0
971, 733.9981973767281, 0
972, 734.7541172504425, 0
973, 735.510037124157, 0
974, 736.2659569978714, 0
975, 737.0218768715858, 0
976, 737.7777967453003, 0
977, 738.5337166190147, 0
978, 739.2896364927292, 0
979, 740.0455563664436, 0
980, 740.8014762401581, 0
981, 741.5573961138725, 0
982, 742.313315987587, 0
983, 743.0692358613014, 0
984, 743.8251557350159, 0
985, 744.5810756087303, 0
986, 745.3369954824448, 0
987, 746.0929153561592, 0
988, 746.8488352298737, 0
989, 747.6047551035881, 0
990, 748.3606749773026, 0
991, 749.116594851017, 0
992, 749.8725147247314, 0
993, 750.6284345984459, 0
994, 751.3843544721603, 0
995, 752.1402743458748, 0
996, 752.8961942195892, 0
997, 753.6521140933037, 0
998, 754.4080339670181, 0
999, 755.1639538407326, 0
1000, 755.919873714447, 0
1001, 756.6757935881615, 0
1002, 757.4317134618759, 0
1003, 758.1876333355904, 0
1004, 758.9435532093048, 0
1005, 759.6994730830193, 0
1006, 760.4553929567337, 0
1007, 761.2113128304482, 0
1008, 761.9672327041626, 0
1009, 762.723152577877, 0
1010, 763.4790724515915, 0
1011, 764.2349923253059, 0
1012, 764.9909121990204, 0
1013, 765.7468320727348, 0
1014, 766.5027519464493, 0
1015, 767.2586718201637, 0
1016, 768.0145916938782, 0
1017, 768.7705115675926, 0
1018, 769.5264314413071, 0
1019, 770.2823513150215, 0
1020, 771.038271188736, 0
1021, 771.7941910624504, 0
1022, 772.5501109361649, 0
1023, 773.3060308098793, 0
1024, 774.0619506835938, 0
